,Config,Acc.,BOPs,Sparsity,Neff,aIQ,Layer#1,Layer#2,Layer#3,Layer#4,ILP,Synth,LUT,FF,BRAM,URAM,DSP,Latency
0,w4a7_w4a7_w4a7_w4a7,0.75665,163036.03433429316,42.83435862383231,0.4162406040920177,0.9962391492635663,4,4,4,4,0,1,28269,9035,1.5,0,151,100
1,w4a7_w4a7_w4a7_w5a8,0.7571416666666667,170037.41055806936,37.45727956254272,0.5207735394028575,1.0304114492815224,4,4,4,5,0,0,0,0,0.0,0,0,0
2,w4a7_w4a7_w4a7_w6a9,0.7570166666666667,172637.05229672292,36.95602642971064,0.5469614973248317,1.0385098638643386,4,4,4,6,0,0,0,0,0.0,0,0,0
3,w4a7_w4a7_w4a7_w7a10,0.7552666666666666,174535.76810640338,37.73069036226931,0.5039318197862944,1.0241963345652634,4,4,4,7,0,0,0,0,0.0,0,0,0
4,w4a7_w4a7_w4a7_w8a11,0.7584583333333333,177792.38612368022,36.933242196400094,0.5469717614913601,1.039187853653522,4,4,4,8,0,0,0,0,0.0,0,0,0
5,w4a7_w4a7_w5a8_w4a7,0.7578166666666667,182260.36539147128,33.31054910002278,0.4207179575934824,0.998331904963216,4,4,5,4,1,1,34842,9622,1.5,0,154,90
6,w4a7_w4a7_w5a8_w5a8,0.7596875,180992.68098176335,36.18136249715197,0.48986789676166975,1.021850094248436,4,4,5,5,0,0,0,0,0.0,0,0,0
7,w4a7_w4a7_w5a8_w6a9,0.7602791666666666,184469.0235568353,35.019366598313965,0.5264613874935289,1.0336814247158772,4,4,5,6,0,0,0,0,0.0,0,0,0
8,w4a7_w4a7_w5a8_w7a10,0.7580291666666666,185828.14819690114,33.76623376623377,0.5987098162668406,1.0547234014394575,4,4,5,7,0,0,0,0,0.0,0,0,0
9,w4a7_w4a7_w5a8_w8a11,0.7576625,188741.62950774716,33.03713830029619,0.521687968362211,1.0309459472899491,4,4,5,8,0,0,0,0,0.0,0,0,0
10,w4a7_w4a7_w6a9_w4a7,0.7585916666666667,192752.0566022213,31.6473000683527,0.47402568818018914,1.0162308040303698,4,4,6,4,0,1,36680,9749,1.5,0,249,90
11,w4a7_w4a7_w6a9_w5a8,0.7597625,191975.55310571785,33.19662793347004,0.49466957088474245,1.0234169104988153,4,4,6,5,0,0,0,0,0.0,0,0,0
12,w4a7_w4a7_w6a9_w6a9,0.7593333333333333,197315.5225010284,31.054910002278422,0.5617481193056446,1.044135172825849,4,4,6,6,0,0,0,0,0.0,0,0,0
13,w4a7_w4a7_w6a9_w7a10,0.7597458333333333,192498.51814068283,34.44976076555024,0.5731239751146692,1.0477920971777304,4,4,6,7,0,0,0,0,0.0,0,0,0
14,w4a7_w4a7_w6a9_w8a11,0.7589833333333333,193498.5372274784,36.06744133059922,0.5716140036757621,1.0469814146963468,4,4,6,8,0,0,0,0,0.0,0,0,0
15,w4a7_w4a7_w7a10_w4a7,0.7581375,194647.96336212807,35.83959899749373,0.5034404144739342,1.0254193432707353,4,4,7,4,0,0,0,0,0.0,0,0,0
16,w4a7_w4a7_w7a10_w5a8,0.7588791666666667,196340.19426847663,36.59147869674185,0.47823927367521374,1.0177294307312228,4,4,7,5,0,0,0,0,0.0,0,0,0
17,w4a7_w4a7_w7a10_w6a9,0.7592583333333334,200914.4839160839,35.79403053087264,0.5465994915706062,1.0394476567480448,4,4,7,6,0,0,0,0,0.0,0,0,0
18,w4a7_w4a7_w7a10_w7a10,0.759,209180.5204991087,29.551150603782183,0.5810054329369074,1.0498371426743236,4,4,7,7,0,0,0,0,0.0,0,0,0
19,w4a7_w4a7_w7a10_w8a11,0.7595416666666667,209867.05542300834,31.259968102073366,0.5624066659446876,1.0444331867632473,4,4,7,8,0,0,0,0,0.0,0,0,0
20,w4a7_w4a7_w8a11_w4a7,0.7557916666666666,204821.93533525296,33.51560719981773,0.45545199269606723,1.008813112899656,4,4,8,4,0,1,33559,10229,1.5,0,473,105
21,w4a7_w4a7_w8a11_w5a8,0.7578458333333333,205552.5489099136,33.90293916609706,0.535554940572581,1.0353631242121866,4,4,8,5,0,0,0,0,0.0,0,0,0
22,w4a7_w4a7_w8a11_w6a9,0.75745,202394.61971753737,38.0041011619959,0.5164412111912347,1.029196505890398,4,4,8,6,0,0,0,0,0.0,0,0,0
23,w4a7_w4a7_w8a11_w7a10,0.7563458333333334,191899.81143562318,46.29756208703577,0.597986482098531,1.0537419028028625,4,4,8,7,0,0,0,0,0.0,0,0,0
24,w4a7_w4a7_w8a11_w8a11,0.7588791666666667,218277.4153846154,30.075187969924812,0.4904979505350745,1.021659333014757,4,4,8,8,0,0,0,0,0.0,0,0,0
25,w4a7_w5a8_w4a7_w4a7,0.7604958333333334,198761.2450294803,29.892914103440418,0.4450150596648945,1.0077297543432508,4,5,4,4,0,0,0,0,0.0,0,0,0
26,w4a7_w5a8_w4a7_w5a8,0.758,199856.84903331962,29.095465937571202,0.4774163972461363,1.0170349613814778,4,5,4,5,0,0,0,0,0.0,0,0,0
27,w4a7_w5a8_w4a7_w6a9,0.7576708333333333,192784.02413273003,33.857370699475965,0.5536271487548126,1.0408708929364665,4,5,4,6,0,0,0,0,0.0,0,0,0
28,w4a7_w5a8_w4a7_w7a10,0.7584666666666666,203905.5883724119,28.275233538391433,0.5490168607637511,1.0398226229815222,4,5,4,7,0,0,0,0,0.0,0,0,0
29,w4a7_w5a8_w4a7_w8a11,0.7575666666666667,205589.67557932262,28.753702437912963,0.5710478817790596,1.0461552926576794,4,5,4,8,0,0,0,0,0.0,0,0,0
30,w4a7_w5a8_w5a8_w4a7,0.7582708333333333,200408.71630330454,32.23969013442698,0.4213852634076715,0.99878516480364,4,5,5,4,0,1,38285,10152,1.5,0,149,90
31,w4a7_w5a8_w5a8_w5a8,0.7591208333333334,213937.02893185246,25.039872408293462,0.4971907849116779,1.0239088843692798,4,5,5,5,0,0,0,0,0.0,0,0,0
32,w4a7_w5a8_w5a8_w6a9,0.75995,207772.8057040998,29.34609250398724,0.5052328309260459,1.0268578112287141,4,5,5,6,0,0,0,0,0.0,0,0,0
33,w4a7_w5a8_w5a8_w7a10,0.7585083333333333,214205.26203208556,26.13351560719982,0.5285702015318122,1.0335002333979886,4,5,5,7,0,0,0,0,0.0,0,0,0
34,w4a7_w5a8_w5a8_w8a11,0.7586708333333333,208413.4550939257,30.234677603098657,0.5716323473866977,1.0468427550698252,4,5,5,8,0,0,0,0,0.0,0,0,0
35,w4a7_w5a8_w6a9_w4a7,0.7604541666666667,219346.37597696422,26.429710640236955,0.43996866268959783,1.0060497277524745,4,5,6,4,0,0,0,0,0.0,0,0,0
36,w4a7_w5a8_w6a9_w5a8,0.7596708333333333,216795.74825174827,28.32080200501253,0.5052787172685199,1.0267381944004554,4,5,6,5,0,0,0,0,0.0,0,0,0
37,w4a7_w5a8_w6a9_w6a9,0.7592083333333334,220573.14356232,26.56641604010025,0.5117070422163132,1.028545512204651,4,5,6,6,0,0,0,0,0.0,0,0,0
38,w4a7_w5a8_w6a9_w7a10,0.7601125,222753.09255450428,26.908179539758486,0.5580377215207256,1.0433621264857598,4,5,6,7,0,0,0,0,0.0,0,0,0
39,w4a7_w5a8_w6a9_w8a11,0.7602041666666667,230327.39119703823,23.604465709728867,0.5535502700019381,1.0420290285258842,4,5,6,8,0,0,0,0,0.0,0,0,0
40,w4a7_w5a8_w7a10_w4a7,0.7593625,227589.7260386672,26.703121439963546,0.4917843340147195,1.0223040764316484,4,5,7,4,0,1,43030,10557,1.5,0,250,100
41,w4a7_w5a8_w7a10_w5a8,0.7600666666666667,234017.42602495546,24.06015037593985,0.49641278827503604,1.0241183379590544,4,5,7,5,0,0,0,0,0.0,0,0,0
42,w4a7_w5a8_w7a10_w6a9,0.7599166666666667,231598.35678047442,25.58669400774664,0.5219375048219672,1.0320957877294068,4,5,7,6,0,0,0,0,0.0,0,0,0
43,w4a7_w5a8_w7a10_w7a10,0.7591416666666667,230007.9089537913,27.06766917293233,0.5312345656447643,1.0346304345299437,4,5,7,7,0,0,0,0,0.0,0,0,0
44,w4a7_w5a8_w7a10_w8a11,0.7589583333333333,235272.77992595642,25.427204374572796,0.4913073986834595,1.021956117571151,4,5,7,8,0,0,0,0,0.0,0,0,0
45,w4a7_w5a8_w8a11_w4a7,0.75885,235812.65542300837,26.08794714057872,0.4673623700970045,1.0142025631202298,4,5,8,4,0,0,0,0,0.0,0,0,0
46,w4a7_w5a8_w8a11_w5a8,0.7579708333333334,229930.46482928836,29.551150603782183,0.5048770857081697,1.0257945439279594,4,5,8,5,0,0,0,0,0.0,0,0,0
47,w4a7_w5a8_w8a11_w6a9,0.7586416666666667,234505.40737693678,28.252449305080884,0.5427261860539174,1.0379617885507904,4,5,8,6,0,0,0,0,0.0,0,0,0
48,w4a7_w5a8_w8a11_w7a10,0.7586,229109.46057863705,31.46502620186831,0.5271746861787302,1.0331079800729126,4,5,8,7,0,0,0,0,0.0,0,0,0
49,w4a7_w5a8_w8a11_w8a11,0.7592416666666667,235249.30974907443,28.480291638186376,0.5276610416313504,1.0335638478786862,4,5,8,8,0,0,0,0,0.0,0,0,0
50,w4a7_w6a9_w4a7_w4a7,0.757825,212636.0360894008,31.46502620186831,0.476428415815954,1.0166309277520835,4,6,4,4,0,1,42987,10131,1.5,0,268,85
51,w4a7_w6a9_w4a7_w5a8,0.7588291666666667,219576.42934320582,27.956254272043747,0.4669572979638857,1.0140610281885103,4,6,4,5,0,0,0,0,0.0,0,0,0
52,w4a7_w6a9_w4a7_w6a9,0.759625,218077.81225832994,29.460013670539986,0.5332719349438909,1.0354927214589673,4,6,4,6,0,0,0,0,0.0,0,0,0
53,w4a7_w6a9_w4a7_w7a10,0.7593791666666667,220371.31934731934,28.958760537707906,0.5377279276052099,1.036760334884263,4,6,4,7,0,0,0,0,0.0,0,0,0
54,w4a7_w6a9_w4a7_w8a11,0.7554708333333333,228707.9779514603,25.06265664160401,0.5717774710078908,1.0454111615186155,4,6,4,8,0,0,0,0,0.0,0,0,0
55,w4a7_w6a9_w5a8_w4a7,0.7599958333333333,234462.19662690253,24.128503075871496,0.44916973989346426,1.008842711498199,4,6,5,4,0,0,0,0,0.0,0,0,0
56,w4a7_w6a9_w5a8_w5a8,0.7605208333333333,233336.14764843002,24.857598541809068,0.49517719606599725,1.023945100384166,4,6,5,5,0,0,0,0,0.0,0,0,0
57,w4a7_w6a9_w5a8_w6a9,0.7596583333333333,234065.49140271492,24.925951241740716,0.49639734387453355,1.0239161662062206,4,6,5,6,0,0,0,0,0.0,0,0,0
58,w4a7_w6a9_w5a8_w7a10,0.7589708333333334,235966.13256547376,24.83481430849852,0.5750853955213143,1.0480302061188176,4,6,5,7,0,0,0,0,0.0,0,0,0
59,w4a7_w6a9_w5a8_w8a11,0.7583541666666667,243213.13698066637,21.804511278195488,0.6070288635471218,1.0573572190756921,4,6,5,8,0,0,0,0,0.0,0,0,0
60,w4a7_w6a9_w6a9_w4a7,0.7597541666666666,249863.01341011928,21.303258145363408,0.4520752384863386,1.0096733356070948,4,6,6,4,0,1,53425,12627,1.5,0,243,95
61,w4a7_w6a9_w6a9_w5a8,0.7606166666666667,244335.96182640886,24.35634540897699,0.47206857133649566,1.0165919464161612,4,6,6,5,0,0,0,0,0.0,0,0,0
62,w4a7_w6a9_w6a9_w6a9,0.7611541666666667,253872.41990950226,20.141262246525404,0.5480512035803059,1.0407830853302233,4,6,6,6,0,0,0,0,0.0,0,0,0
63,w4a7_w6a9_w6a9_w7a10,0.759975,250801.27815713696,22.898154477101844,0.5660590017362263,1.045748798226746,4,6,6,7,0,0,0,0,0.0,0,0,0
64,w4a7_w6a9_w6a9_w8a11,0.7604083333333334,250388.7085150144,23.30827067669173,0.5045668790066776,1.0268675727383823,4,6,6,8,0,0,0,0,0.0,0,0,0
65,w4a7_w6a9_w7a10_w4a7,0.7589916666666666,253832.64039489924,23.51332877648667,0.4718361219623327,1.015719751904867,4,6,7,4,0,0,0,0,0.0,0,0,0
66,w4a7_w6a9_w7a10_w5a8,0.7586208333333333,255857.15705471,23.125996810207337,0.5224694128992257,1.0316462759954224,4,6,7,5,0,0,0,0,0.0,0,0,0
67,w4a7_w6a9_w7a10_w6a9,0.7608458333333333,256527.92496914847,23.650034176349966,0.5044474368727583,1.0270401780930754,4,6,7,6,0,0,0,0,0.0,0,0,0
68,w4a7_w6a9_w7a10_w7a10,0.7599916666666666,260304.33215412038,22.442469810890863,0.4830634824939009,1.0198214527592824,4,6,7,7,0,0,0,0,0.0,0,0,0
69,w4a7_w6a9_w7a10_w8a11,0.7611416666666667,259517.39717537366,23.30827067669173,0.5456795889983934,1.0400469116334483,4,6,7,8,0,0,0,0,0.0,0,0,0
70,w4a7_w6a9_w8a11_w4a7,0.758375,263239.3240641711,23.877876509455458,0.4407026536210404,1.0052508121305537,4,6,8,4,0,1,49604,11302,1.5,0,432,95
71,w4a7_w6a9_w8a11_w5a8,0.7591416666666667,251598.42259701082,28.525860104807474,0.4700754817462679,1.015224230533418,4,6,8,5,0,0,0,0,0.0,0,0,0
72,w4a7_w6a9_w8a11_w6a9,0.7594625,271584.571287536,21.25768967874231,0.48650313413072954,1.0206654708499396,4,6,8,6,0,0,0,0,0.0,0,0,0
73,w4a7_w6a9_w8a11_w7a10,0.7617333333333334,269639.5803098862,22.80701754385965,0.5004313718422798,1.0261973848947408,4,6,8,7,0,0,0,0,0.0,0,0,0
74,w4a7_w6a9_w8a11_w8a11,0.7583375,259255.69307555188,28.024606971975395,0.5409508756207002,1.0372692907908467,4,6,8,8,0,0,0,0,0.0,0,0,0
75,w4a7_w7a10_w4a7_w4a7,0.758025,237804.67802001917,27.86511733880155,0.440716099618817,1.0050801484701248,4,7,4,4,0,0,0,0,0.0,0,0,0
76,w4a7_w7a10_w4a7_w5a8,0.7572458333333333,233939.6036747566,30.553656869446343,0.4784577879916279,1.0170022969325547,4,7,4,5,0,0,0,0,0.0,0,0,0
77,w4a7_w7a10_w4a7_w6a9,0.7583625,236751.14833401892,29.961266803372066,0.5315456606951134,1.034359048993501,4,7,4,6,0,0,0,0,0.0,0,0,0
78,w4a7_w7a10_w4a7_w7a10,0.7592083333333334,242525.93950363365,26.498063340168603,0.48578083990637966,1.020310725949722,4,7,4,7,0,0,0,0,0.0,0,0,0
79,w4a7_w7a10_w4a7_w8a11,0.7565958333333334,234714.27045111754,31.67008430166325,0.5646257711002179,1.0437460524144628,4,7,4,8,0,0,0,0,0.0,0,0,0
80,w4a7_w7a10_w5a8_w4a7,0.759675,256753.29132044426,22.51082251082251,0.4513012970453772,1.0093808585430188,4,7,5,4,0,1,42600,9675,1.5,0,892,85
81,w4a7_w7a10_w5a8_w5a8,0.7596166666666667,254649.1269984917,24.28799270904534,0.4843648408032883,1.0200558476024897,4,7,5,5,0,0,0,0,0.0,0,0,0
82,w4a7_w7a10_w5a8_w6a9,0.7566958333333333,258687.3813245578,22.7842333105491,0.5349055713521628,1.034619074748815,4,7,5,6,0,0,0,0,0.0,0,0,0
83,w4a7_w7a10_w5a8_w7a10,0.7584333333333333,256410.03702180172,24.447482342219185,0.5339640032520764,1.0351453736736236,4,7,5,7,0,0,0,0,0.0,0,0,0
84,w4a7_w7a10_w5a8_w8a11,0.7588458333333333,256884.96827094475,24.857598541809068,0.5663267865436082,1.04530749108773,4,7,5,8,0,0,0,0,0.0,0,0,0
85,w4a7_w7a10_w6a9_w4a7,0.7584625,263510.2986425339,24.31077694235589,0.43639524253892725,1.0038718581812394,4,7,6,4,0,0,0,0,0.0,0,0,0
86,w4a7_w7a10_w6a9_w5a8,0.7605583333333333,275031.2516659811,19.79949874686717,0.5446939608337789,1.0394693234526315,4,7,6,5,0,0,0,0,0.0,0,0,0
87,w4a7_w7a10_w6a9_w6a9,0.7601208333333334,269725.3436445907,22.55639097744361,0.5345031304794056,1.0361093573990028,4,7,6,6,0,0,0,0,0.0,0,0,0
88,w4a7_w7a10_w6a9_w7a10,0.7588416666666666,263780.3833813246,25.655046707678288,0.558513093520488,1.0429164221424245,4,7,6,7,0,0,0,0,0.0,0,0,0
89,w4a7_w7a10_w6a9_w8a11,0.7595416666666667,273426.507610037,22.282980177717018,0.5130007468833099,1.0291123436925589,4,7,6,8,0,0,0,0,0.0,0,0,0
90,w4a7_w7a10_w7a10_w4a7,0.75885,274895.235211847,23.946229209387106,0.4387186209796582,1.0048339101550101,4,7,7,4,0,1,50113,11904,1.5,0,582,90
91,w4a7_w7a10_w7a10_w5a8,0.7582041666666667,281398.0064171123,21.667805878332196,0.5061722481670635,1.0263166285749419,4,7,7,5,0,0,0,0,0.0,0,0,0
92,w4a7_w7a10_w7a10_w6a9,0.7587625,264738.6958453311,29.027113237639554,0.5347183682943176,1.0355352548007668,4,7,7,6,0,0,0,0,0.0,0,0,0
93,w4a7_w7a10_w7a10_w7a10,0.7610833333333333,281917.395420266,22.761449077238552,0.538284263971655,1.0377354895457829,4,7,7,7,0,0,0,0,0.0,0,0,0
94,w4a7_w7a10_w7a10_w8a11,0.7606958333333333,283316.22235019883,22.852586010480746,0.579578444360128,1.050184879073816,4,7,7,8,0,0,0,0,0.0,0,0,0
95,w4a7_w7a10_w8a11_w4a7,0.75985,291684.4448100918,21.143768512189563,0.47126108040862236,1.0159551147415462,4,7,8,4,0,0,0,0,0.0,0,0,0
96,w4a7_w7a10_w8a11_w5a8,0.7591375,291837.2251748251,21.69059011164274,0.5153570017115069,1.0296604736379211,4,7,8,5,0,0,0,0,0.0,0,0,0
97,w4a7_w7a10_w8a11_w6a9,0.76035,277540.9537913067,27.500569605832762,0.5070237217450151,1.027615637850098,4,7,8,6,0,0,0,0,0.0,0,0,0
98,w4a7_w7a10_w8a11_w7a10,0.7585958333333334,280563.72126696835,27.02210070631123,0.5180115150923388,1.0302362713837836,4,7,8,7,0,0,0,0,0.0,0,0,0
99,w4a7_w7a10_w8a11_w8a11,0.7596458333333334,282823.19945152884,25.951241740715425,0.5394535029997642,1.0374206591789041,4,7,8,8,0,0,0,0,0.0,0,0,0
100,w4a7_w8a11_w4a7_w4a7,0.7564666666666666,248699.8158233923,31.305536568694464,0.43894744308390454,1.0037159283934027,4,8,4,4,0,1,32756,8237,1.5,0,1033,85
101,w4a7_w8a11_w4a7_w5a8,0.757525,254087.81373920193,28.958760537707906,0.5513230883497074,1.0400934377263291,4,8,4,5,0,0,0,0,0.0,0,0,0
102,w4a7_w8a11_w4a7_w6a9,0.7567708333333333,252387.9779514603,29.551150603782183,0.5475926679360614,1.0385899165797032,4,8,4,6,0,0,0,0,0.0,0,0,0
103,w4a7_w8a11_w4a7_w7a10,0.7541333333333333,265778.49971205264,24.720893141945773,0.6054362857257557,1.054973643290902,4,8,4,7,0,0,0,0,0.0,0,0,0
104,w4a7_w8a11_w4a7_w8a11,0.7582,257806.93245577955,28.82205513784461,0.5531149891594094,1.040960106091843,4,8,4,8,0,0,0,0,0.0,0,0,0
105,w4a7_w8a11_w5a8_w4a7,0.7561083333333334,265923.29609214317,27.272727272727273,0.4872103914246156,1.0192632778150332,4,8,5,4,0,0,0,0,0.0,0,0,0
106,w4a7_w8a11_w5a8_w5a8,0.7566666666666667,266016.19569450157,27.455001139211667,0.5120244429607883,1.0274303265840417,4,8,5,5,0,0,0,0,0.0,0,0,0
107,w4a7_w8a11_w5a8_w6a9,0.7590666666666667,257577.97339914984,31.829573934837093,0.4994807635635661,1.0246103513629297,4,8,5,6,0,0,0,0,0.0,0,0,0
108,w4a7_w8a11_w5a8_w7a10,0.7595916666666667,276821.30788427265,24.470266575529735,0.5173972993832632,1.0305181040812046,4,8,5,7,0,0,0,0,0.0,0,0,0
109,w4a7_w8a11_w5a8_w8a11,0.7574,258539.99703825588,32.21690590111643,0.49948488110785566,1.0238085354167268,4,8,5,8,0,0,0,0,0.0,0,0,0
110,w4a7_w8a11_w6a9_w4a7,0.7570125,276187.85355820647,27.36386420596947,0.46688213051286903,1.0131431851091064,4,8,6,4,0,1,40027,9178,1.5,0,1066,85
111,w4a7_w8a11_w6a9_w5a8,0.7571625,284820.6927190456,24.470266575529735,0.5121756868080404,1.0277150271601623,4,8,6,5,0,0,0,0,0.0,0,0,0
112,w4a7_w8a11_w6a9_w6a9,0.7598916666666666,280377.97120526526,26.61198450672135,0.5466555743995956,1.0397616932622835,4,8,6,6,0,0,0,0,0.0,0,0,0
113,w4a7_w8a11_w6a9_w7a10,0.7597875,283885.3581242287,26.04237867395762,0.5352083671921551,1.0361710200606513,4,8,6,7,0,0,0,0,0.0,0,0,0
114,w4a7_w8a11_w6a9_w8a11,0.7584041666666667,284359.0450020568,26.338573706994758,0.5110976594321934,1.0279686420993734,4,8,6,8,0,0,0,0,0.0,0,0,0
115,w4a7_w8a11_w7a10_w4a7,0.7567166666666667,292432.88589058,25.76896787423103,0.48370756056860076,1.0184339913263094,4,8,7,4,0,0,0,0,0.0,0,0,0
116,w4a7_w8a11_w7a10_w5a8,0.7576958333333333,290718.47568901686,26.794258373205743,0.49356407881361747,1.0220652295355201,4,8,7,5,0,0,0,0,0.0,0,0,0
117,w4a7_w8a11_w7a10_w6a9,0.757025,282409.39158096805,30.325814536340854,0.54630591944259,1.038311105617764,4,8,7,6,0,0,0,0,0.0,0,0,0
118,w4a7_w8a11_w7a10_w7a10,0.7569375,284072.6333744687,29.756208703577126,0.5317716935104221,1.0337563761569681,4,8,7,7,0,0,0,0,0.0,0,0,0
119,w4a7_w8a11_w7a10_w8a11,0.7582166666666666,284714.0155217331,30.303030303030305,0.5451411778631114,1.038509233526591,4,8,7,8,0,0,0,0,0.0,0,0,0
120,w4a7_w8a11_w8a11_w4a7,0.7599375,302731.3520361991,25.996810207336523,0.47393684955706783,1.0168613804071596,4,8,8,4,0,1,38364,10406,1.5,0,1292,90
121,w4a7_w8a11_w8a11_w5a8,0.7579708333333334,284666.7776772247,32.62702210070631,0.47091516691085616,1.0149212331298254,4,8,8,5,0,0,0,0,0.0,0,0,0
122,w4a7_w8a11_w8a11_w6a9,0.7589333333333333,282974.48446455505,33.49282296650718,0.4808546472814818,1.0185968312533815,4,8,8,6,0,0,0,0,0.0,0,0,0
123,w4a7_w8a11_w8a11_w7a10,0.7576041666666666,297490.50497737556,29.277739804055592,0.5493468573338824,1.0395211462572573,4,8,8,7,0,0,0,0,0.0,0,0,0
124,w4a7_w8a11_w8a11_w8a11,0.7584666666666666,295103.90346907993,30.211893369788108,0.5240844428286439,1.032078664929624,4,8,8,8,0,0,0,0,0.0,0,0,0
125,w5a8_w4a7_w4a7_w4a7,0.7616,206428.28706979295,32.946001367054,0.43101062008739965,1.003668254153812,5,4,4,4,0,0,0,0,0.0,0,0,0
126,w5a8_w4a7_w4a7_w5a8,0.763025,210845.01543946253,30.462519936204146,0.4830907239461582,1.0213086734888537,5,4,4,5,0,0,0,0,0.0,0,0,0
127,w5a8_w4a7_w4a7_w6a9,0.7630541666666667,209224.6228438228,31.67008430166325,0.5432290532872145,1.0401900277005884,5,4,4,6,0,0,0,0,0.0,0,0,0
128,w5a8_w4a7_w4a7_w7a10,0.763625,212189.0338680927,30.713146502620187,0.5325686579079586,1.0371655432609026,5,4,4,7,0,0,0,0,0.0,0,0,0
129,w5a8_w4a7_w4a7_w8a11,0.7608708333333334,207461.9366515837,35.657325131009344,0.5034260845810277,1.0267293462504994,5,4,4,8,0,0,0,0,0.0,0,0,0
130,w5a8_w4a7_w5a8_w4a7,0.7637125,224609.82882215822,25.449988607883345,0.4399361391782571,1.0076719643858185,5,4,5,4,0,1,44114,9840,1.5,0,154,75
131,w5a8_w4a7_w5a8_w5a8,0.7637708333333333,224461.31249143012,26.86261107313739,0.5077242115260029,1.0294791401063137,5,4,5,5,0,0,0,0,0.0,0,0,0
132,w5a8_w4a7_w5a8_w6a9,0.7642791666666666,228586.09713423828,25.06265664160401,0.5061624131680165,1.0292321728361011,5,4,5,6,0,0,0,0,0.0,0,0,0
133,w5a8_w4a7_w5a8_w7a10,0.7641416666666667,229977.29987659398,25.08544087491456,0.5325516430524329,1.0374048120270023,5,4,5,7,0,0,0,0,0.0,0,0,0
134,w5a8_w4a7_w5a8_w8a11,0.7640458333333333,227816.08490333197,27.52335383914331,0.5465953712695572,1.0416914679932794,5,4,5,8,0,0,0,0,0.0,0,0,0
135,w5a8_w4a7_w6a9_w4a7,0.7617125,226444.40510078156,28.001822738664846,0.44477816064751835,1.0082596219194726,5,4,6,4,0,0,0,0,0.0,0,0,0
136,w5a8_w4a7_w6a9_w5a8,0.7629083333333333,235206.75804195806,23.650034176349966,0.4731682789352403,1.0180706203765453,5,4,6,5,0,0,0,0,0.0,0,0,0
137,w5a8_w4a7_w6a9_w6a9,0.7622583333333334,222761.42229535172,30.849851902483483,0.5473440105970514,1.0410829994615645,5,4,6,6,0,0,0,0,0.0,0,0,0
138,w5a8_w4a7_w6a9_w7a10,0.7645625,233274.07124640062,28.252449305080884,0.5293945326032377,1.0366256354978611,5,4,6,7,0,0,0,0,0.0,0,0,0
139,w5a8_w4a7_w6a9_w8a11,0.762175,219976.48243521186,35.338345864661655,0.5786173009787857,1.0505750535905465,5,4,6,8,0,0,0,0,0.0,0,0,0
140,w5a8_w4a7_w7a10_w4a7,0.7624625,230392.54693541751,30.781499202551835,0.4908947557080295,1.0235235756045118,5,4,7,4,0,1,40135,8859,1.5,0,360,85
141,w5a8_w4a7_w7a10_w5a8,0.7622375,240877.34145070618,25.13100934153566,0.5224446671671396,1.0333584013629726,5,4,7,5,0,0,0,0,0.0,0,0,0
142,w5a8_w4a7_w7a10_w6a9,0.7635791666666667,237032.08665843957,29.049897470950103,0.5421306055794831,1.0400985327461592,5,4,7,6,0,0,0,0,0.0,0,0,0
143,w5a8_w4a7_w7a10_w7a10,0.7641875,247661.380940628,23.946229209387106,0.5046994991189429,1.0287275058534853,5,4,7,7,0,0,0,0,0.0,0,0,0
144,w5a8_w4a7_w7a10_w8a11,0.76425,247954.90777457834,24.082934609250398,0.4901251189291215,1.0241466405764716,5,4,7,8,0,0,0,0,0.0,0,0,0
145,w5a8_w4a7_w8a11_w4a7,0.759825,246247.04587961058,26.224652540442015,0.531774323829187,1.035121491321355,5,4,8,4,0,0,0,0,0.0,0,0,0
146,w5a8_w4a7_w8a11_w5a8,0.760125,242487.15337995338,28.41193893825473,0.5611958933267142,1.0443340793572549,5,4,8,5,0,0,0,0,0.0,0,0,0
147,w5a8_w4a7_w8a11_w6a9,0.762525,240434.21889483067,30.713146502620187,0.570415559723658,1.0482540706340941,5,4,8,6,0,0,0,0,0.0,0,0,0
148,w5a8_w4a7_w8a11_w7a10,0.7625416666666667,239167.9341834636,32.37639553429027,0.5532458278991972,1.043027305250712,5,4,8,7,0,0,0,0,0.0,0,0,0
149,w5a8_w4a7_w8a11_w8a11,0.76295,240629.36404771698,30.690362269309638,0.5089325766048486,1.0294650438205202,5,4,8,8,0,0,0,0,0.0,0,0,0
150,w5a8_w5a8_w4a7_w4a7,0.7631916666666667,236841.22747840392,27.181590339485076,0.39688919403390954,0.9930689766024555,5,5,4,4,0,1,44611,10695,1.5,0,148,90
151,w5a8_w5a8_w4a7_w5a8,0.7626333333333334,233669.51103798163,27.36386420596947,0.4840368852374535,1.0214200668716253,5,5,4,5,0,0,0,0,0.0,0,0,0
152,w5a8_w5a8_w4a7_w6a9,0.7634833333333333,241007.45811051692,24.28799270904534,0.5142855971495222,1.0314011149734963,5,5,4,6,0,0,0,0,0.0,0,0,0
153,w5a8_w5a8_w4a7_w7a10,0.7637208333333333,241377.70245440837,23.85509227614491,0.5021008823313757,1.0276833576906887,5,5,4,7,0,0,0,0,0.0,0,0,0
154,w5a8_w5a8_w4a7_w8a11,0.7641375,240333.7512683395,26.019594440647072,0.5308043619745435,1.0368613710259094,5,5,4,8,0,0,0,0,0.0,0,0,0
155,w5a8_w5a8_w5a8_w4a7,0.7650125,251682.79062114356,21.09820004556847,0.441856944179333,1.0089532891557957,5,5,5,4,0,0,0,0,0.0,0,0,0
156,w5a8_w5a8_w5a8_w5a8,0.7645916666666667,250265.47538735776,21.371610845295056,0.5010803299259765,1.0277813009934305,5,5,5,5,0,0,0,0,0.0,0,0,0
157,w5a8_w5a8_w5a8_w6a9,0.7641916666666667,253578.73687097215,20.20961494645705,0.4950064884758211,1.02566734788667,5,5,5,6,0,0,0,0,0.0,0,0,0
158,w5a8_w5a8_w5a8_w7a10,0.7641333333333333,253690.68202385848,20.870357712462976,0.4936027741624068,1.0251941017375659,5,5,5,7,0,0,0,0,0.0,0,0,0
159,w5a8_w5a8_w5a8_w8a11,0.7631375,247696.22158233923,23.9917976760082,0.5633735142952326,1.0463980458355322,5,5,5,8,0,0,0,0,0.0,0,0,0
160,w5a8_w5a8_w6a9_w4a7,0.7645416666666667,265365.5088440971,16.769195716564138,0.4652783506463519,1.0163325652974968,5,5,6,4,0,1,52807,13310,1.5,0,200,95
161,w5a8_w5a8_w6a9_w5a8,0.7630541666666667,257118.28877005348,20.870357712462976,0.4952087823284138,1.0251807553034287,5,5,6,5,0,0,0,0,0.0,0,0,0
162,w5a8_w5a8_w6a9_w6a9,0.764425,260658.41546688604,20.847573479152427,0.5146896441049333,1.0319782337497099,5,5,6,6,0,0,0,0,0.0,0,0,0
163,w5a8_w5a8_w6a9_w7a10,0.7648916666666666,265092.33072809543,19.29824561403509,0.48357810972968845,1.0223747601075022,5,5,6,7,0,0,0,0,0.0,0,0,0
164,w5a8_w5a8_w6a9_w8a11,0.7646583333333333,270287.0588235294,17.771701982228297,0.5218524722466975,1.0343264893957809,5,5,6,8,0,0,0,0,0.0,0,0,0
165,w5a8_w5a8_w7a10_w4a7,0.7646083333333333,270917.69093651447,19.48051948051948,0.47617813845684626,1.0198705595899156,5,5,7,4,0,0,0,0,0.0,0,0,0
166,w5a8_w5a8_w7a10_w5a8,0.7630333333333333,273771.9040175511,17.45272271588061,0.508436428603786,1.0293489763462573,5,5,7,5,0,0,0,0,0.0,0,0,0
167,w5a8_w5a8_w7a10_w6a9,0.7639208333333334,272180.11353352526,19.25267714741399,0.5131686891467558,1.031260507464836,5,5,7,6,0,0,0,0,0.0,0,0,0
168,w5a8_w5a8_w7a10_w7a10,0.7647666666666667,276258.47908953787,18.47801321485532,0.5087223582751382,1.0302712116794823,5,5,7,7,0,0,0,0,0.0,0,0,0
169,w5a8_w5a8_w7a10_w8a11,0.7652125,272182.4741532977,20.688083845978582,0.4804943077424591,1.021547209084871,5,5,7,8,0,0,0,0,0.0,0,0,0
170,w5a8_w5a8_w8a11_w4a7,0.7637291666666667,273152.93020704784,20.984278879015722,0.42660767967652524,1.0032858313847082,5,5,8,4,0,1,48946,12222,1.5,0,564,95
171,w5a8_w5a8_w8a11_w5a8,0.7644416666666667,276074.1532976827,21.303258145363408,0.508793829603945,1.030137566487771,5,5,8,5,0,0,0,0,0.0,0,0,0
172,w5a8_w5a8_w8a11_w6a9,0.7633708333333333,277956.3614424791,20.574162679425836,0.5005301966226561,1.0270185013566047,5,5,8,6,0,0,0,0,0.0,0,0,0
173,w5a8_w5a8_w8a11_w7a10,0.7643041666666667,278518.7418072124,21.189336978810662,0.5097408660992483,1.0303689648963472,5,5,8,7,0,0,0,0,0.0,0,0,0
174,w5a8_w5a8_w8a11_w8a11,0.7633583333333334,284190.5388728918,18.819776714513555,0.5061205685483128,1.028776160902378,5,5,8,8,0,0,0,0,0.0,0,0,0
175,w5a8_w6a9_w4a7_w4a7,0.7646708333333333,264510.3554641437,20.528594212804737,0.43353353882475215,1.0060483510862492,5,6,4,4,0,0,0,0,0.0,0,0,0
176,w5a8_w6a9_w4a7_w5a8,0.7635541666666666,263637.2499657206,21.5311004784689,0.5271968885874155,1.035464673150204,5,6,4,5,0,0,0,0,0.0,0,0,0
177,w5a8_w6a9_w4a7_w6a9,0.7638083333333333,264063.34709995886,22.26019594440647,0.5468485035291379,1.041657758497748,5,6,4,6,0,0,0,0,0.0,0,0,0
178,w5a8_w6a9_w4a7_w7a10,0.7637708333333333,265156.6896476073,22.00956937799043,0.5125721102564762,1.0310016322640028,5,6,4,7,0,0,0,0,0.0,0,0,0
179,w5a8_w6a9_w4a7_w8a11,0.7632791666666666,263239.79443301796,24.0373661426293,0.5206030540155241,1.0332795646393726,5,6,4,8,0,0,0,0,0.0,0,0,0
180,w5a8_w6a9_w5a8_w4a7,0.7633541666666667,276458.54819690116,18.181818181818183,0.4692687018898916,1.0170342808994837,5,6,5,4,0,1,56799,12717,1.5,0,169,85
181,w5a8_w6a9_w5a8_w5a8,0.7651916666666667,277470.74597559305,18.364092048302574,0.5289690095216035,1.0367921671192502,5,6,5,5,0,0,0,0,0.0,0,0,0
182,w5a8_w6a9_w5a8_w6a9,0.7652666666666667,281158.4342245989,17.47550694919116,0.4923269788916641,1.0253391857844105,5,6,5,6,0,0,0,0,0.0,0,0,0
183,w5a8_w6a9_w5a8_w7a10,0.7622166666666667,277488.7077471548,18.842560947824104,0.5284235121133927,1.035211516451766,5,6,5,7,0,0,0,0,0.0,0,0,0
184,w5a8_w6a9_w5a8_w8a11,0.763825,280971.2160153572,18.250170881749828,0.4992844051497461,1.0268439655324393,5,6,5,8,0,0,0,0,0.0,0,0,0
185,w5a8_w6a9_w6a9_w4a7,0.7618541666666667,279193.50522418757,20.369104579630896,0.4278798842245793,1.0027595961214442,5,6,6,4,0,0,0,0,0.0,0,0,0
186,w5a8_w6a9_w6a9_w5a8,0.7660375,289620.671657754,16.609706083390293,0.4665457514907399,1.0174791018966218,5,6,6,5,0,0,0,0,0.0,0,0,0
187,w5a8_w6a9_w6a9_w6a9,0.7658041666666666,294311.19506375975,15.561631351105035,0.516260676726309,1.033129233097764,5,6,6,6,0,0,0,0,0.0,0,0,0
188,w5a8_w6a9_w6a9_w7a10,0.7656333333333334,294883.9042369395,15.470494417862838,0.4950151148571713,1.0263684331175762,5,6,6,7,0,0,0,0,0.0,0,0,0
189,w5a8_w6a9_w6a9_w8a11,0.7647666666666667,290262.6882764294,18.318523581681475,0.5213979482796148,1.0342364872315883,5,6,6,8,0,0,0,0,0.0,0,0,0
190,w5a8_w6a9_w7a10_w4a7,0.7655458333333334,299483.29280131636,16.541353383458645,0.4807055174684381,1.0217776065414852,5,6,7,4,0,1,59447,13888,1.5,0,324,100
191,w5a8_w6a9_w7a10_w5a8,0.764775,300023.35258467024,16.108452950558213,0.4817185125808137,1.0217244037419229,5,6,7,5,0,0,0,0,0.0,0,0,0
192,w5a8_w6a9_w7a10_w6a9,0.7650291666666666,301464.1151789387,16.359079516974255,0.4843511344865124,1.0226882695509778,5,6,7,6,0,0,0,0,0.0,0,0,0
193,w5a8_w6a9_w7a10_w7a10,0.7650208333333334,300473.27091731795,17.316017316017316,0.5554480589095294,1.0448592056656527,5,6,7,7,0,0,0,0,0.0,0,0,0
194,w5a8_w6a9_w7a10_w8a11,0.7647583333333333,304944.71301247773,16.381863750284804,0.5361515559282112,1.038809925799267,5,6,7,8,0,0,0,0,0.0,0,0,0
195,w5a8_w6a9_w8a11_w4a7,0.7650583333333333,304547.37594954064,18.090681248575986,0.49149134623756485,1.0249730231695524,5,6,8,4,0,0,0,0,0.0,0,0,0
196,w5a8_w6a9_w8a11_w5a8,0.7646458333333334,297872.7998903058,21.09820004556847,0.4694112212673035,1.017715788058908,5,6,8,5,0,0,0,0,0.0,0,0,0
197,w5a8_w6a9_w8a11_w6a9,0.7644291666666667,310630.8106951872,16.427432216905903,0.4877295008311281,1.0234719095583684,5,6,8,6,0,0,0,0,0.0,0,0,0
198,w5a8_w6a9_w8a11_w7a10,0.7637125,307924.44700397644,17.6805650489861,0.5195961864624414,1.033171788438204,5,6,8,7,0,0,0,0,0.0,0,0,0
199,w5a8_w6a9_w8a11_w8a11,0.76425,296706.40098724805,22.57917521075416,0.5042156260396335,1.028605171557171,5,6,8,8,0,0,0,0,0.0,0,0,0
200,w5a8_w7a10_w4a7_w4a7,0.7637041666666666,282626.9310297546,21.5311004784689,0.4468260962859936,1.0099245607379903,5,7,4,4,0,1,49987,12254,1.5,0,507,95
201,w5a8_w7a10_w4a7_w5a8,0.7632958333333333,289887.2365281777,18.250170881749828,0.49515566727917903,1.0252808895742263,5,7,4,5,0,0,0,0,0.0,0,0,0
202,w5a8_w7a10_w4a7_w6a9,0.7628,281483.3976689977,23.30827067669173,0.5277769873289853,1.035287115636595,5,7,4,6,0,0,0,0,0.0,0,0,0
203,w5a8_w7a10_w4a7_w7a10,0.7631166666666667,286544.8621966269,20.460241512873093,0.5439457665874238,1.0404401531662932,5,7,4,7,0,0,0,0,0.0,0,0,0
204,w5a8_w7a10_w4a7_w8a11,0.7639458333333333,286889.202906897,21.189336978810662,0.5164032796141951,1.0322852817990318,5,7,4,8,0,0,0,0,0.0,0,0,0
205,w5a8_w7a10_w5a8_w4a7,0.7644166666666666,300038.1771013301,17.293233082706767,0.4466024719424152,1.010207228733045,5,7,5,4,0,0,0,0,0.0,0,0,0
206,w5a8_w7a10_w5a8_w5a8,0.7653916666666667,303448.54167009465,16.085668717247664,0.4810704848526592,1.0218187748100405,5,7,5,5,0,0,0,0,0.0,0,0,0
207,w5a8_w7a10_w5a8_w6a9,0.76505,304417.6304949952,16.359079516974255,0.4978709514141668,1.026989182230259,5,7,5,6,0,0,0,0,0.0,0,0,0
208,w5a8_w7a10_w5a8_w7a10,0.7641458333333333,300468.34959550254,18.569150148097517,0.543050446915852,1.0406484188391607,5,7,5,7,0,0,0,0,0.0,0,0,0
209,w5a8_w7a10_w5a8_w8a11,0.7645916666666667,304725.35702728643,17.293233082706767,0.5108032202304571,1.0308403099443642,5,7,5,8,0,0,0,0,0.0,0,0,0
210,w5a8_w7a10_w6a9_w4a7,0.764925,311086.508597285,16.70084301663249,0.4867366337024605,1.0233972617814473,5,7,6,4,0,1,57961,13998,1.5,0,486,90
211,w5a8_w7a10_w6a9_w5a8,0.7642583333333334,314299.2454134101,16.017316017316016,0.5178011240477698,1.0328715933479427,5,7,6,5,0,0,0,0,0.0,0,0,0
212,w5a8_w7a10_w6a9_w6a9,0.7649875,305316.06219662685,19.936204146730464,0.47499643375919665,1.0196776852028822,5,7,6,6,0,0,0,0,0.0,0,0,0
213,w5a8_w7a10_w6a9_w7a10,0.7645041666666667,313839.5037433155,17.247664616085668,0.526869098722567,1.0358139550205854,5,7,6,7,0,0,0,0,0.0,0,0,0
214,w5a8_w7a10_w6a9_w8a11,0.7641541666666667,312560.8937885643,18.045112781954888,0.47767537411300753,1.0201278080738634,5,7,6,8,0,0,0,0,0.0,0,0,0
215,w5a8_w7a10_w7a10_w4a7,0.7645583333333333,319741.7596051008,17.612212349054456,0.459945144192011,1.0146168368622095,5,7,7,4,0,0,0,0,0.0,0,0,0
216,w5a8_w7a10_w7a10_w5a8,0.7639083333333333,316250.96547374193,19.00205058099795,0.5148636993835428,1.0317855230531277,5,7,7,5,0,0,0,0,0.0,0,0,0
217,w5a8_w7a10_w7a10_w6a9,0.7651375,326843.9062114356,15.766689450899976,0.5108888034103531,1.031128996531579,5,7,7,6,0,0,0,0,0.0,0,0,0
218,w5a8_w7a10_w7a10_w7a10,0.7635375,319504.687563417,18.341307814992025,0.4598990564555001,1.0140965438519616,5,7,7,7,0,0,0,0,0.0,0,0,0
219,w5a8_w7a10_w7a10_w8a11,0.7645416666666667,331181.700370218,15.44771018455229,0.46442457957013955,1.0160569735109795,5,7,7,8,0,0,0,0,0.0,0,0,0
220,w5a8_w7a10_w8a11_w4a7,0.7638708333333334,322901.7931715344,19.79949874686717,0.4671185523253496,1.0165954677154512,5,7,8,4,0,1,53509,13703,1.5,0,847,95
221,w5a8_w7a10_w8a11_w5a8,0.76405,326330.6899218429,18.819776714513555,0.475293799343816,1.0193133279895994,5,7,8,5,0,0,0,0,0.0,0,0,0
222,w5a8_w7a10_w8a11_w6a9,0.7651458333333333,328649.1669271905,18.52358168147642,0.5094868892980858,1.0306932950008227,5,7,8,6,0,0,0,0,0.0,0,0,0
223,w5a8_w7a10_w8a11_w7a10,0.76545,329684.0415741121,19.070403280929597,0.5153198457548487,1.0326658401967799,5,7,8,7,0,0,0,0,0.0,0,0,0
224,w5a8_w7a10_w8a11_w8a11,0.7646208333333333,318667.7328945565,23.103212576896787,0.49661071385726463,1.0263830570612833,5,7,8,8,0,0,0,0,0.0,0,0,0
225,w5a8_w8a11_w4a7_w4a7,0.7626375,292871.95765802823,25.518341307814993,0.45275877738492565,1.011329404461505,5,8,4,4,0,0,0,0,0.0,0,0,0
226,w5a8_w8a11_w4a7_w5a8,0.7637791666666667,297280.2676539147,24.01458190931875,0.473919043549113,1.0187392018372994,5,8,4,5,0,0,0,0,0.0,0,0,0
227,w5a8_w8a11_w4a7_w6a9,0.7631458333333333,294453.33947621,25.58669400774664,0.5273955531992651,1.0353326091138657,5,8,4,6,0,0,0,0,0.0,0,0,0
228,w5a8_w8a11_w4a7_w7a10,0.7629708333333334,291572.7559029206,26.908179539758486,0.5662090953511207,1.0471832556198413,5,8,4,7,0,0,0,0,0.0,0,0,0
229,w5a8_w8a11_w4a7_w8a11,0.7626833333333334,298308.003400521,23.923444976076556,0.5484581312033414,1.0416246789830201,5,8,4,8,0,0,0,0,0.0,0,0,0
230,w5a8_w8a11_w5a8_w4a7,0.7646041666666666,312727.7255450432,20.369104579630896,0.4680391152314477,1.0172534874535293,5,8,5,4,0,1,48797,11211,1.5,0,906,85
231,w5a8_w8a11_w5a8_w5a8,0.7637,313364.3381873029,20.25518341307815,0.5029321852347207,1.0279356255881653,5,8,5,5,0,0,0,0,0.0,0,0,0
232,w5a8_w8a11_w5a8_w6a9,0.7648958333333333,318227.0780200192,19.161540214171794,0.532560395027487,1.03776456201868,5,8,5,6,0,0,0,0,0.0,0,0,0
233,w5a8_w8a11_w5a8_w7a10,0.7639916666666666,307728.7928698752,23.604465709728867,0.5231275982281616,1.0344062546950485,5,8,5,7,0,0,0,0,0.0,0,0,0
234,w5a8_w8a11_w5a8_w8a11,0.7641291666666666,308299.16687234334,24.28799270904534,0.49195345301884935,1.0246687285990461,5,8,5,8,0,0,0,0,0.0,0,0,0
235,w5a8_w8a11_w6a9_w4a7,0.763425,322121.2353763883,20.75643654591023,0.4762557168160452,1.0193156525269984,5,8,6,4,0,0,0,0,0.0,0,0,0
236,w5a8_w8a11_w6a9_w5a8,0.7631833333333333,315313.6651583711,23.627249943039416,0.5238998541298633,1.0342622433209712,5,8,6,5,0,0,0,0,0.0,0,0,0
237,w5a8_w8a11_w6a9_w6a9,0.7636125,323862.64088852325,21.02984734563682,0.5249694870720544,1.0347994624122812,5,8,6,6,0,0,0,0,0.0,0,0,0
238,w5a8_w8a11_w6a9_w7a10,0.7639166666666667,316542.0728918141,24.242424242424242,0.47938547634635553,1.0205591417102184,5,8,6,7,0,0,0,0,0.0,0,0,0
239,w5a8_w8a11_w6a9_w8a11,0.7640625,325232.84640065813,21.599453178400548,0.5092474635057301,1.0300980104088902,5,8,6,8,0,0,0,0,0.0,0,0,0
240,w5a8_w8a11_w7a10_w4a7,0.7641083333333333,335812.4649938297,19.95898838004101,0.48867279877326864,1.0236160084197887,5,8,7,4,0,1,48856,11568,1.5,0,1110,80
241,w5a8_w8a11_w7a10_w5a8,0.7645541666666666,328329.4442341972,22.8298017771702,0.48219969960221293,1.0217702098152732,5,8,7,5,0,0,0,0,0.0,0,0,0
242,w5a8_w8a11_w7a10_w6a9,0.7622458333333333,336220.4441519265,20.619731146046934,0.497800811117433,1.0256116188091682,5,8,7,6,0,0,0,0,0.0,0,0,0
243,w5a8_w8a11_w7a10_w7a10,0.7645166666666666,329248.8336761278,23.46776030986557,0.5148996919916923,1.032087833299985,5,8,7,7,0,0,0,0,0.0,0,0,0
244,w5a8_w8a11_w7a10_w8a11,0.7634041666666667,325313.4663924311,25.153793574846205,0.509527670420351,1.0298700914189183,5,8,7,8,0,0,0,0,0.0,0,0,0
245,w5a8_w8a11_w8a11_w4a7,0.7637875,332563.6923076923,24.675324675324674,0.4782646456134751,1.02013710535872,5,8,8,4,0,0,0,0,0.0,0,0,0
246,w5a8_w8a11_w8a11_w5a8,0.76405,325836.713122172,27.09045340624288,0.48473893870515966,1.022334567108269,5,8,8,5,0,0,0,0,0.0,0,0,0
247,w5a8_w8a11_w8a11_w6a9,0.7646458333333334,326311.79004524887,27.455001139211667,0.46378588396509585,1.015902159032255,5,8,8,6,0,0,0,0,0.0,0,0,0
248,w5a8_w8a11_w8a11_w7a10,0.7636958333333334,336181.3815987934,24.948735475051265,0.5038465446015614,1.0282219837014244,5,8,8,7,0,0,0,0,0.0,0,0,0
249,w5a8_w8a11_w8a11_w8a11,0.7635541666666666,334003.6247360482,26.224652540442015,0.5072885310507191,1.0292379748700595,5,8,8,8,0,0,0,0,0.0,0,0,0
250,w6a9_w4a7_w4a7_w4a7,0.7634666666666666,235571.88098176333,33.17384370015949,0.45121040496954906,1.0112371716785784,6,4,4,4,0,1,43554,9854,1.5,0,170,80
251,w6a9_w4a7_w4a7_w5a8,0.7658791666666667,241412.5948717949,29.87012987012987,0.4979554320010955,1.0274168879394827,6,4,4,5,0,0,0,0,0.0,0,0,0
252,w6a9_w4a7_w4a7_w6a9,0.7640333333333333,234129.62830111067,33.697881066302116,0.5084247505216473,1.0298254912089273,6,4,4,6,0,0,0,0,0.0,0,0,0
253,w6a9_w4a7_w4a7_w7a10,0.7634166666666666,236771.38911284794,33.49282296650718,0.5624713768473687,1.0462531257245344,6,4,4,7,0,0,0,0,0.0,0,0,0
254,w6a9_w4a7_w4a7_w8a11,0.7633833333333333,239855.74419306187,31.6017316017316,0.5888453810894382,1.0542082046471657,6,4,4,8,0,0,0,0,0.0,0,0,0
255,w6a9_w4a7_w5a8_w4a7,0.7664125,253710.60074043603,25.404420141262246,0.43704767308827663,1.008079805335258,6,4,5,4,0,0,0,0,0.0,0,0,0
256,w6a9_w4a7_w5a8_w5a8,0.7658375,249594.01069518717,28.38915470494418,0.49797148973779604,1.0274018048429383,6,4,5,5,0,0,0,0,0.0,0,0,0
257,w6a9_w4a7_w5a8_w6a9,0.765775,246735.96884683942,30.052403736614263,0.47259930260329125,1.0192955064930056,6,4,5,6,0,0,0,0,0.0,0,0,0
258,w6a9_w4a7_w5a8_w7a10,0.766125,259921.92052653228,23.171565276828435,0.49978118590560694,1.0281118837667755,6,4,5,7,0,0,0,0,0.0,0,0,0
259,w6a9_w4a7_w5a8_w8a11,0.7644,254514.57869189634,26.771474139895194,0.5550145944100151,1.0444367757450874,6,4,5,8,0,0,0,0,0.0,0,0,0
260,w6a9_w4a7_w6a9_w4a7,0.7657,269167.6880296174,20.050125313283207,0.4942421532755283,1.0261561076285963,6,4,6,4,0,1,54310,10583,1.5,0,227,80
261,w6a9_w4a7_w6a9_w5a8,0.765075,258715.85092554506,27.09045340624288,0.5207459065421713,1.0341802846788661,6,4,6,5,0,0,0,0,0.0,0,0,0
262,w6a9_w4a7_w6a9_w6a9,0.7653541666666667,256482.96700946108,29.756208703577126,0.4919880097256028,1.0252741714031803,6,4,6,6,0,0,0,0,0.0,0,0,0
263,w6a9_w4a7_w6a9_w7a10,0.7657666666666667,263308.4814479638,25.882889040783777,0.5513798998344949,1.0439649214138467,6,4,6,7,0,0,0,0,0.0,0,0,0
264,w6a9_w4a7_w6a9_w8a11,0.7642625,261834.75178938708,26.680337206652997,0.5841836443659124,1.0532118773232728,6,4,6,8,0,0,0,0,0.0,0,0,0
265,w6a9_w4a7_w7a10_w4a7,0.7645166666666666,278318.22339229396,18.45522898154477,0.474289175107399,1.0192198663498844,6,4,7,4,0,0,0,0,0.0,0,0,0
266,w6a9_w4a7_w7a10_w5a8,0.7648083333333333,263606.704949952,27.91068580542265,0.521313448970662,1.0342300155688497,6,4,7,5,0,0,0,0,0.0,0,0,0
267,w6a9_w4a7_w7a10_w6a9,0.76555,268925.24711367063,26.201868307131466,0.5151578578362959,1.0326630620169266,6,4,7,6,0,0,0,0,0.0,0,0,0
268,w6a9_w4a7_w7a10_w7a10,0.7657916666666666,271003.1085150144,26.634768740031898,0.48545796872874386,1.023412524361783,6,4,7,7,0,0,0,0,0.0,0,0,0
269,w6a9_w4a7_w7a10_w8a11,0.7637083333333333,258244.81250514195,33.62952836637047,0.5981099992187976,1.057127746178834,6,4,7,8,0,0,0,0,0.0,0,0,0
270,w6a9_w4a7_w8a11_w4a7,0.7622875,273703.63735088444,25.541125541125542,0.5048550910679022,1.0278622592114375,6,4,8,4,0,1,43446,9310,1.5,0,597,80
271,w6a9_w4a7_w8a11_w5a8,0.765825,281593.0278349102,23.194349510138984,0.509227702495877,1.0309381696652415,6,4,8,5,0,0,0,0,0.0,0,0,0
272,w6a9_w4a7_w8a11_w6a9,0.76335,276899.27766351297,25.723399407609932,0.567230622979246,1.0476694631051677,6,4,8,6,0,0,0,0,0.0,0,0,0
273,w6a9_w4a7_w8a11_w7a10,0.7646125,269709.4897573015,30.872636135794032,0.48782633575696377,1.023591914936864,6,4,8,7,0,0,0,0,0.0,0,0,0
274,w6a9_w4a7_w8a11_w8a11,0.7649416666666666,278740.0801864802,26.270221007063114,0.5126062283496025,1.0315732960390063,6,4,8,8,0,0,0,0,0.0,0,0,0
275,w6a9_w5a8_w4a7_w4a7,0.7665083333333333,268193.06622788974,24.105718842560947,0.4381670057166468,1.0084949746554994,6,5,4,4,1,1,52960,9734,1.5,0,182,80
276,w6a9_w5a8_w4a7_w5a8,0.7655625,263708.0904977376,27.04488493962178,0.4840827964361293,1.0228628842409886,6,5,4,5,0,0,0,0,0.0,0,0,0
277,w6a9_w5a8_w4a7_w6a9,0.7660333333333333,271322.8180447004,22.57917521075416,0.5177465916204619,1.033702594399184,6,5,4,6,0,0,0,0,0.0,0,0,0
278,w6a9_w5a8_w4a7_w7a10,0.7660166666666667,280235.526669409,19.43495101389838,0.554440751381731,1.0450171421813004,6,5,4,7,0,0,0,0,0.0,0,0,0
279,w6a9_w5a8_w4a7_w8a11,0.7657083333333333,278033.8845468257,21.00706311232627,0.5284732212022891,1.0368836919716993,6,5,4,8,0,0,0,0,0.0,0,0,0
280,w6a9_w5a8_w5a8_w4a7,0.7672416666666667,286744.04936240235,17.885623148781043,0.4242538747552564,1.0042861525904203,6,5,5,4,0,1,57578,10654,1.5,0,188,75
281,w6a9_w5a8_w5a8_w5a8,0.7670416666666666,289894.7527766351,16.24515835042151,0.4945173557840839,1.0268936713775032,6,5,5,5,0,0,0,0,0.0,0,0,0
282,w6a9_w5a8_w5a8_w6a9,0.7662708333333333,290021.1863430687,16.837548416495785,0.5369777145838217,1.039779509655451,6,5,5,6,0,0,0,0,0.0,0,0,0
283,w6a9_w5a8_w5a8_w7a10,0.7661541666666667,283901.8148909913,20.460241512873093,0.5102367265021903,1.0314125632950026,6,5,5,7,0,0,0,0,0.0,0,0,0
284,w6a9_w5a8_w5a8_w8a11,0.7668833333333334,289687.98793363495,18.295739348370926,0.5219903701142014,1.0354300272404278,6,5,5,8,0,0,0,0,0.0,0,0,0
285,w6a9_w5a8_w6a9_w4a7,0.7670291666666667,294418.13903743314,18.250170881749828,0.45999421804658597,1.0158565607287446,6,5,6,4,0,0,0,0,0.0,0,0,0
286,w6a9_w5a8_w6a9_w5a8,0.766425,279755.8733031674,25.60947824105719,0.5014414985793497,1.0287800238929943,6,5,6,5,0,0,0,0,0.0,0,0,0
287,w6a9_w5a8_w6a9_w6a9,0.7669041666666667,297227.10983134515,17.589428115743907,0.5093048095944026,1.0314808280034222,6,5,6,6,0,0,0,0,0.0,0,0,0
288,w6a9_w5a8_w6a9_w7a10,0.7666708333333333,304032.5528589058,14.69583048530417,0.528676216797386,1.037403651684785,6,5,6,7,0,0,0,0,0.0,0,0,0
289,w6a9_w5a8_w6a9_w8a11,0.7658041666666666,298687.36816125055,17.589428115743907,0.5620493048873982,1.0472354567488826,6,5,6,8,0,0,0,0,0.0,0,0,0
290,w6a9_w5a8_w7a10_w4a7,0.7668166666666667,307193.2121212121,15.128730918204603,0.47125406796617264,1.0193760980939466,6,5,7,4,0,1,58777,10988,1.5,0,412,85
291,w6a9_w5a8_w7a10_w5a8,0.766925,302443.33360756893,19.32102984734564,0.492903094231022,1.0263265156825603,6,5,7,5,0,0,0,0,0.0,0,0,0
292,w6a9_w5a8_w7a10_w6a9,0.7665833333333333,305214.33703551354,17.885623148781043,0.5081825765802545,1.0309748471699596,6,5,7,6,0,0,0,0,0.0,0,0,0
293,w6a9_w5a8_w7a10_w7a10,0.7658125,301191.0906348553,20.551378446115287,0.5254758420453863,1.0360030967449274,6,5,7,7,0,0,0,0,0.0,0,0,0
294,w6a9_w5a8_w7a10_w8a11,0.7668416666666666,308084.46455505275,17.931191615402142,0.5175226834955322,1.0340191802663237,6,5,7,8,0,0,0,0,0.0,0,0,0
295,w8a11_w8a11_w8a11_w8a11,0.7685208333333333,463482.55565610854,15.242652084757347,0.5104357589608599,1.0326115993408063,8,8,8,8,1,1,73400,18335,1.5,0,728,2690
296,w8a11_w8a11_w8a11_w7a10,0.7683541666666667,441707.03348416294,20.50580997949419,0.4678875624775986,1.0190532314064227,8,8,8,7,0,0,0,0,0.0,0,0,0
297,w8a11_w8a11_w8a11_w6a9,0.7694708333333333,434963.28687782807,21.75894281157439,0.45791431384898384,1.0163962526583123,8,8,8,6,0,0,0,0,0.0,0,0,0
298,w8a11_w8a11_w8a11_w5a8,0.7684791666666667,448959.21809954755,17.70334928229665,0.49682287130284014,1.0283182096478731,8,8,8,5,0,0,0,0,0.0,0,0,0
299,w8a11_w8a11_w8a11_w4a7,0.7687333333333334,457873.530015083,15.083162451583505,0.4580093784451463,1.0160607759329272,8,8,8,4,0,1,73400,18335,1.5,0,728,100
300,w8a11_w8a11_w7a10_w8a11,0.7684708333333333,450069.60274235567,15.69833675096833,0.5099604719306929,1.0324389663073328,8,8,7,8,0,0,0,0,0.0,0,0,0
301,w8a11_w8a11_w7a10_w7a10,0.7686583333333333,450754.5782531194,14.969241285030758,0.4810213918168127,1.0234004876811096,8,8,7,7,0,0,0,0,0.0,0,0,0
302,w8a11_w8a11_w7a10_w6a9,0.7688166666666667,435548.1475387357,18.364092048302574,0.521045126386486,1.0360588612282826,8,8,7,6,1,1,151219,31932,0.5,0,698,2660
303,w8a11_w8a11_w7a10_w5a8,0.7693916666666667,442113.0004113534,16.15402141717931,0.4994979198072875,1.0296022143667656,8,8,7,5,0,0,0,0,0.0,0,0,0
304,w8a11_w8a11_w7a10_w4a7,0.7687,442802.2671602907,16.586921850079744,0.48910321942540136,1.0259864893102753,8,8,7,4,0,0,0,0,0.0,0,0,0
305,w8a11_w8a11_w6a9_w8a11,0.76845,437089.4979843685,16.632490316700842,0.4906483181508887,1.0263539420835102,8,8,6,8,0,0,0,0,0.0,0,0,0
306,w8a11_w8a11_w6a9_w7a10,0.769575,436816.0013163307,15.561631351105035,0.46156141983780496,1.0176232951386022,8,8,6,7,0,0,0,0,0.0,0,0,0
307,w8a11_w8a11_w6a9_w6a9,0.7683166666666666,425818.48983957217,18.181818181818183,0.5173041120008363,1.0346565835473016,8,8,6,6,0,0,0,0,0.0,0,0,0
308,w8a11_w8a11_w6a9_w5a8,0.7690666666666667,435123.4948580831,15.994531784005469,0.470652890115196,1.0202909678334495,8,8,6,5,0,0,0,0,0.0,0,0,0
309,w8a11_w8a11_w6a9_w4a7,0.7687625,439618.59053887293,13.966735019366599,0.48700508253630514,1.0253521261537806,8,8,6,4,0,1,77832,17884,1.5,0,510,85
310,w8a11_w8a11_w5a8_w8a11,0.768725,422003.8344714109,17.931191615402142,0.4983626253509929,1.0289223501178433,8,8,5,8,0,0,0,0,0.0,0,0,0
311,w8a11_w8a11_w5a8_w7a10,0.7689625,424785.5510763746,16.381863750284804,0.5041301331829796,1.0308496648164147,8,8,5,7,0,0,0,0,0.0,0,0,0
312,w8a11_w8a11_w5a8_w6a9,0.7686166666666666,420394.8158508158,17.97676008202324,0.5022928530669865,1.0301060101855846,8,8,5,6,0,0,0,0,0.0,0,0,0
313,w8a11_w8a11_w5a8_w5a8,0.7689666666666667,419736.4144247909,17.01982228298018,0.482074165783689,1.0238862064521683,8,8,5,5,0,0,0,0,0.0,0,0,0
314,w8a11_w8a11_w5a8_w4a7,0.7687916666666667,420404.8506787331,16.70084301663249,0.4809949230171591,1.0234573024577311,8,8,5,4,0,0,0,0,0.0,0,0,0
315,w8a11_w8a11_w4a7_w8a11,0.7683625,402138.1002056767,22.7842333105491,0.44692610235558466,1.0122841594516105,8,8,4,8,0,0,0,0,0.0,0,0,0
316,w8a11_w8a11_w4a7_w7a10,0.7680291666666667,414990.35941313585,18.52358168147642,0.5147095261859628,1.0337102894567591,8,8,4,7,0,0,0,0,0.0,0,0,0
317,w8a11_w8a11_w4a7_w6a9,0.7688458333333333,403708.9232963115,21.09820004556847,0.4728724225369043,1.02089257317634,8,8,4,6,1,1,151219,31932,0.5,0,698,2660
318,w8a11_w8a11_w4a7_w5a8,0.7689083333333333,405970.686631016,19.936204146730464,0.5061343974606858,1.031451882321985,8,8,4,5,0,0,0,0,0.0,0,0,0
319,w8a11_w8a11_w4a7_w4a7,0.768625,405114.9277389277,19.822282980177718,0.4570179017504536,1.0156867370415656,8,8,4,4,0,1,64711,15789,1.5,0,697,85
320,w8a11_w7a10_w8a11_w8a11,0.768675,441235.0130810366,13.442697653223968,0.5247797952677713,1.0371498177406726,8,7,8,8,0,0,0,0,0.0,0,0,0
321,w8a11_w7a10_w8a11_w7a10,0.7688416666666666,436102.8457973399,14.42241968557758,0.514882694668261,1.0341536494938928,8,7,8,7,0,0,0,0,0.0,0,0,0
322,w8a11_w7a10_w8a11_w6a9,0.7687083333333333,426502.632551762,16.72362724994304,0.49782890395530227,1.0287462061096229,8,7,8,6,0,0,0,0,0.0,0,0,0
323,w8a11_w7a10_w8a11_w5a8,0.7686333333333333,422095.3413958591,17.47550694919116,0.4845317018570108,1.0245042704471128,8,7,8,5,0,0,0,0,0.0,0,0,0
324,w8a11_w7a10_w8a11_w4a7,0.768725,431405.5274921157,14.467988152198679,0.4915397443116776,1.0267696164670377,8,7,8,4,0,0,0,0,0.0,0,0,0
325,w8a11_w7a10_w7a10_w8a11,0.7689791666666667,431348.63831070886,12.781954887218046,0.5052411967359324,1.0312061013561173,8,7,7,8,0,0,0,0,0.0,0,0,0
326,w8a11_w7a10_w7a10_w7a10,0.7691208333333334,429609.101110654,13.351560719981773,0.48221521803815454,1.0240064373582882,8,7,7,7,0,0,0,0,0.0,0,0,0
327,w8a11_w7a10_w7a10_w6a9,0.7695041666666667,431278.0004936241,12.212349054454318,0.4736224097670802,1.0214560367378112,8,7,7,6,0,0,0,0,0.0,0,0,0
328,w8a11_w7a10_w7a10_w5a8,0.7686791666666667,417490.0916495269,16.131237183868762,0.4972739939492186,1.028557271023613,8,7,7,5,0,0,0,0,0.0,0,0,0
329,w8a11_w7a10_w7a10_w4a7,0.7686,420688.3883175648,14.786967418546366,0.48245947753896107,1.0238294589351304,8,7,7,4,0,1,74515,14133,1.5,0,452,80
330,w8a11_w7a10_w6a9_w8a11,0.7691625,419867.79563965445,13.852813852813853,0.532564390653365,1.039787722348484,8,7,6,8,0,0,0,0,0.0,0,0,0
331,w8a11_w7a10_w6a9_w7a10,0.7682833333333333,417468.2563554093,13.556618819776714,0.4856469278094932,1.024687577386002,8,7,6,7,0,0,0,0,0.0,0,0,0
332,w8a11_w7a10_w6a9_w6a9,0.7689833333333334,418857.95935828873,13.009797220323536,0.4833909561703375,1.0243128682380431,8,7,6,6,0,0,0,0,0.0,0,0,0
333,w8a11_w7a10_w6a9_w5a8,0.7688458333333333,415174.3183874949,13.69332421964001,0.4870139966826625,1.0253955759279232,8,7,6,5,0,0,0,0,0.0,0,0,0
334,w8a11_w7a10_w6a9_w4a7,0.7682708333333333,409141.74841628957,15.219867851446798,0.44964312695719244,1.0131214739686603,8,7,6,4,0,0,0,0,0.0,0,0,0
335,w8a11_w7a10_w5a8_w8a11,0.7683166666666666,408169.8619498149,13.830029619503303,0.501350853677228,1.029665066564591,8,7,5,8,0,0,0,0,0.0,0,0,0
336,w8a11_w7a10_w5a8_w7a10,0.7685875,398405.407486631,17.6805650489861,0.5117758630676298,1.0330623687961487,8,7,5,7,0,0,0,0,0.0,0,0,0
337,w8a11_w7a10_w5a8_w6a9,0.7687625,400863.64020293433,15.743905217589429,0.5229189781967744,1.0366145957227562,8,7,5,6,0,0,0,0,0.0,0,0,0
338,w8a11_w7a10_w5a8_w5a8,0.7690625,400185.11471273826,15.242652084757347,0.4831972536123385,1.024290012396783,8,7,5,5,0,0,0,0,0.0,0,0,0
339,w8a11_w7a10_w5a8_w4a7,0.7680958333333333,403960.80669134785,14.217361585782639,0.46193514539025354,1.0170110997984703,8,7,5,4,0,1,74224,12238,1.5,0,426,60
340,w8a11_w7a10_w4a7_w8a11,0.7669791666666667,390476.96146990266,18.819776714513555,0.524794556599131,1.0363467725949767,8,7,4,8,0,0,0,0,0.0,0,0,0
341,w8a11_w7a10_w4a7_w7a10,0.7686916666666667,389714.8024681201,17.885623148781043,0.4978801267627922,1.0287542689839888,8,7,4,7,0,0,0,0,0.0,0,0,0
342,w8a11_w7a10_w4a7_w6a9,0.7675375,381996.76051007817,22.03235361130098,0.4831260760003948,1.0235223252193384,8,7,4,6,0,0,0,0,0.0,0,0,0
343,w8a11_w7a10_w4a7_w5a8,0.7684166666666666,387091.02975455916,19.343814080656188,0.505163674905906,1.03091063730403,8,7,4,5,0,0,0,0,0.0,0,0,0
344,w8a11_w7a10_w4a7_w4a7,0.76795,386780.17649801174,18.409660514923672,0.43874243842492544,1.0094077634146341,8,7,4,4,0,0,0,0,0.0,0,0,0
345,w8a11_w6a9_w8a11_w8a11,0.7689625,402086.7668174962,16.74641148325359,0.480777832392386,1.023471816357197,8,6,8,8,0,0,0,0,0.0,0,0,0
346,w8a11_w6a9_w8a11_w7a10,0.769025,402721.9437817084,15.926179084073821,0.4963309736170427,1.028427683758427,8,6,8,7,0,0,0,0,0.0,0,0,0
347,w8a11_w6a9_w8a11_w6a9,0.7686208333333333,404160.2580008227,14.878104351788563,0.46607295715899966,1.0186021292946459,8,6,8,6,0,0,0,0,0.0,0,0,0
348,w8a11_w6a9_w8a11_w5a8,0.7683916666666667,386699.0940353764,20.20961494645705,0.48502578596796025,1.0245432156609493,8,6,8,5,0,0,0,0,0.0,0,0,0
349,w8a11_w6a9_w8a11_w4a7,0.7686208333333333,396941.6020841903,16.518569150148096,0.4956356675382438,1.0280125224229562,8,6,8,4,0,1,66817,11326,1.5,0,621,75
350,w8a11_w6a9_w7a10_w8a11,0.7685708333333333,397693.28221582336,14.832535885167465,0.5339211898098625,1.039925511079062,8,6,7,8,0,0,0,0,0.0,0,0,0
351,w8a11_w6a9_w7a10_w7a10,0.7684375,395781.39958864666,15.265436318067897,0.5111104340157234,1.0327824429368957,8,6,7,7,0,0,0,0,0.0,0,0,0
352,w8a11_w6a9_w7a10_w6a9,0.7693916666666667,399178.79391197045,13.556618819776714,0.4747970788805246,1.0217759064634684,8,6,7,6,0,0,0,0,0.0,0,0,0
353,w8a11_w6a9_w7a10_w5a8,0.7688041666666666,397945.2814479638,13.351560719981773,0.49143959109981555,1.026776435717482,8,6,7,5,0,0,0,0,0.0,0,0,0
354,w8a11_w6a9_w7a10_w4a7,0.7693291666666666,397689.86502125324,12.87309182046024,0.4614700182634475,1.0174720769232835,8,6,7,4,0,0,0,0,0.0,0,0,0
355,w8a11_w6a9_w6a9_w8a11,0.7690583333333333,384329.5934183463,16.24515835042151,0.523693788732883,1.036995925662318,8,6,6,8,0,0,0,0,0.0,0,0,0
356,w8a11_w6a9_w6a9_w7a10,0.7694625,391139.95952283003,13.214855320118478,0.5018602418448462,1.03037871540278,8,6,6,7,0,0,0,0,0.0,0,0,0
357,w8a11_w6a9_w6a9_w6a9,0.7684166666666666,389815.9177293295,13.374344953292322,0.4834193285598497,1.024045036296854,8,6,6,6,0,0,0,0,0.0,0,0,0
358,w8a11_w6a9_w6a9_w5a8,0.7689375,378458.7978609626,17.316017316017316,0.4935254317780143,1.0275002411570175,8,6,6,5,1,1,67390,12880,1.5,0,375,75
359,w8a11_w6a9_w6a9_w4a7,0.7680291666666667,378034.61028383387,16.359079516974255,0.4787216994263423,1.0223598125296287,8,6,6,4,0,1,66941,12685,1.5,0,422,75
360,w8a11_w6a9_w5a8_w8a11,0.768575,364874.1611956671,20.73365231259968,0.5022956324805903,1.030086762762468,8,6,5,8,0,0,0,0,0.0,0,0,0
361,w8a11_w6a9_w5a8_w7a10,0.7684125,377946.8627999451,15.44771018455229,0.5023814942741002,1.03003527212303,8,6,5,7,0,0,0,0,0.0,0,0,0
362,w8a11_w6a9_w5a8_w6a9,0.7686916666666667,376039.54257507203,14.581909318751425,0.5284279376067748,1.0382870025369644,8,6,5,6,0,0,0,0,0.0,0,0,0
363,w8a11_w6a9_w5a8_w5a8,0.7679333333333334,377959.7812697106,14.467988152198679,0.4913976656184806,1.0263398761714573,8,6,5,5,0,0,0,0,0.0,0,0,0
364,w8a11_w6a9_w5a8_w4a7,0.7678125,364582.1841217606,19.207108680792892,0.45527755291244676,1.014720117632286,8,6,5,4,0,0,0,0,0.0,0,0,0
365,w8a11_w6a9_w4a7_w8a11,0.7679625,362727.0318387495,18.796992481203006,0.49992733213530954,1.0290460686070495,8,6,4,8,0,0,0,0,0.0,0,0,0
366,w8a11_w6a9_w4a7_w7a10,0.7683541666666667,361253.1293020705,19.138755980861244,0.5524407390618765,1.0455011948351982,8,6,4,7,0,0,0,0,0.0,0,0,0
367,w8a11_w6a9_w4a7_w6a9,0.7679541666666667,357414.6000822706,20.027341079972658,0.48148015434718383,1.023202085212633,8,6,4,6,0,0,0,0,0.0,0,0,0
368,w8a11_w6a9_w4a7_w5a8,0.766225,356712.283230495,20.095693779904305,0.48139934087772757,1.0223309792505382,8,6,4,5,0,0,0,0,0.0,0,0,0
369,w8a11_w6a9_w4a7_w4a7,0.767625,353524.84804607154,21.78172704488494,0.4408370145097324,1.009929464451209,8,6,4,4,0,1,61891,10340,1.5,0,386,70
370,w8a11_w5a8_w8a11_w8a11,0.7662958333333333,340492.88249005895,30.91820460241513,0.519909617521971,1.0345022139570625,8,5,8,8,0,0,0,0,0.0,0,0,0
371,w8a11_w5a8_w8a11_w7a10,0.7676125,367261.7271356095,19.32102984734564,0.5001016508251789,1.0289317485192722,8,5,8,7,0,0,0,0,0.0,0,0,0
372,w8a11_w5a8_w8a11_w6a9,0.7675375,355686.4982860277,23.46776030986557,0.5040953103534593,1.0301514605117508,8,5,8,6,0,0,0,0,0.0,0,0,0
373,w8a11_w5a8_w8a11_w5a8,0.7667333333333334,353212.8583573289,23.444976076555022,0.47991620449718575,1.0221064405020184,8,5,8,5,0,0,0,0,0.0,0,0,0
374,w8a11_w5a8_w8a11_w4a7,0.7677208333333333,370833.0245440834,16.22237411711096,0.4852521904830333,1.0242878157028374,8,5,8,4,0,0,0,0,0.0,0,0,0
375,w8a11_w5a8_w7a10_w8a11,0.7675583333333333,364707.3434800493,17.247664616085668,0.5405555618198864,1.041488670867375,8,5,7,8,0,0,0,0,0.0,0,0,0
376,w8a11_w5a8_w7a10_w7a10,0.7675958333333334,359315.9994515288,18.910913647755752,0.539155798456794,1.0410760441334195,8,5,7,7,0,0,0,0,0.0,0,0,0
377,w8a11_w5a8_w7a10_w6a9,0.7681916666666667,359597.821472645,18.181818181818183,0.4899337734768937,1.0260021007411655,8,5,7,6,0,0,0,0,0.0,0,0,0
378,w8a11_w5a8_w7a10_w5a8,0.7676416666666667,348368.88413547236,22.305764411027567,0.49639995427253547,1.0277790719006743,8,5,7,5,0,0,0,0,0.0,0,0,0
379,w8a11_w5a8_w7a10_w4a7,0.7670375,341316.83093377214,24.56140350877193,0.4657430906518926,1.0177142256895835,8,5,7,4,0,1,56810,11466,1.5,0,395,85
380,w8a11_w5a8_w6a9_w8a11,0.7675833333333333,353854.39407651173,17.794486215538846,0.5248741254189503,1.0366591199777293,8,5,6,8,0,0,0,0,0.0,0,0,0
381,w8a11_w5a8_w6a9_w7a10,0.7683416666666667,343030.48292883585,21.73615857826384,0.4973323573862388,1.0284121933685326,8,5,6,7,0,0,0,0,0.0,0,0,0
382,w8a11_w5a8_w6a9_w6a9,0.7683333333333333,353477.6075689017,17.47550694919116,0.5045266223932171,1.0306706078435817,8,5,6,6,0,0,0,0,0.0,0,0,0
383,w8a11_w5a8_w6a9_w5a8,0.7683958333333333,344484.3833813246,19.98177261335156,0.4992240123149604,1.0290342438505888,8,5,6,5,0,0,0,0,0.0,0,0,0
384,w8a11_w5a8_w6a9_w4a7,0.7677375,342003.9160839161,20.870357712462976,0.4697067314890785,1.0193330255786577,8,5,6,4,0,0,0,0,0.0,0,0,0
385,w8a11_w5a8_w5a8_w8a11,0.7670416666666666,325388.06197723845,26.953748006379584,0.508736727709945,1.0313689172996605,8,5,5,8,0,0,0,0,0.0,0,0,0
386,w8a11_w5a8_w5a8_w7a10,0.7676625,333209.2121212121,23.103212576896787,0.47055883151008615,1.0195693893675835,8,5,5,7,0,0,0,0,0.0,0,0,0
387,w8a11_w5a8_w5a8_w6a9,0.7672541666666667,340031.530508707,19.640009113693324,0.5070737766651922,1.0309498050382409,8,5,5,6,0,0,0,0,0.0,0,0,0
388,w8a11_w5a8_w5a8_w5a8,0.7680333333333333,343290.9014123132,18.067897015265437,0.5067617330943475,1.0312270336563916,8,5,5,5,1,1,61529,12753,1.5,0,350,90
389,w8a11_w5a8_w5a8_w4a7,0.7676916666666667,332924.8451940216,21.804511278195488,0.5025099268944428,1.029727650355174,8,5,5,4,0,1,56243,10315,1.5,0,372,70
390,w8a11_w5a8_w4a7_w8a11,0.76675,321632.3817359112,26.475279106858054,0.5295737441112679,1.037719146735421,8,5,4,8,0,0,0,0,0.0,0,0,0
391,w8a11_w5a8_w4a7_w7a10,0.7671458333333333,319206.46318387496,28.184096605149236,0.4784721789127274,1.0218475129746483,8,5,4,7,0,0,0,0,0.0,0,0,0
392,w8a11_w5a8_w4a7_w6a9,0.767825,330129.78801590565,21.804511278195488,0.4883966553689251,1.02533659728424,8,5,4,6,0,0,0,0,0.0,0,0,0
393,w8a11_w5a8_w4a7_w5a8,0.7680416666666666,320814.28218839975,25.017088174982913,0.4969502309154234,1.028146423655097,8,5,4,5,0,0,0,0,0.0,0,0,0
394,w8a11_w5a8_w4a7_w4a7,0.7671333333333333,318054.4368572604,26.703121439963546,0.4334924830911378,1.0072756151149171,8,5,4,4,0,0,0,0,0.0,0,0,0
395,w8a11_w4a7_w8a11_w8a11,0.7664625,326651.75263951736,27.637275005696058,0.5303376398296485,1.0378191491134208,8,4,8,8,0,0,0,0,0.0,0,0,0
396,w8a11_w4a7_w8a11_w7a10,0.7651166666666667,315284.47157548333,32.854864433811805,0.5371889842368498,1.0392994844486445,8,4,8,7,0,0,0,0,0.0,0,0,0
397,w8a11_w4a7_w8a11_w6a9,0.7656875,305575.04938982584,36.7053998632946,0.5503342371257799,1.043607903378235,8,4,8,6,0,0,0,0,0.0,0,0,0
398,w8a11_w4a7_w8a11_w5a8,0.76575,316798.09132044425,30.325814536340854,0.5387723673036445,1.0400867253256263,8,4,8,5,0,0,0,0,0.0,0,0,0
399,w8a11_w4a7_w8a11_w4a7,0.7650875,318901.8396818868,28.525860104807474,0.48140544667608426,1.0217770921655416,8,4,8,4,0,1,46217,9925,1.5,0,807,80
400,w8a11_w4a7_w7a10_w8a11,0.7667625,329161.69521458936,22.943722943722943,0.5150049174913024,1.0331957328655077,8,4,7,8,0,0,0,0,0.0,0,0,0
401,w8a11_w4a7_w7a10_w7a10,0.7669,315951.55025366787,28.616997038049668,0.5364825397071874,1.039924227007519,8,4,7,7,0,0,0,0,0.0,0,0,0
402,w8a11_w4a7_w7a10_w6a9,0.7675791666666667,321148.2159879336,25.63226247436774,0.5044430866446881,1.0302807742249276,8,4,7,6,0,0,0,0,0.0,0,0,0
403,w8a11_w4a7_w7a10_w5a8,0.7664833333333333,326350.0979020979,20.984278879015722,0.5162877839064693,1.0334625930679864,8,4,7,5,0,0,0,0,0.0,0,0,0
404,w8a11_w4a7_w7a10_w4a7,0.7677208333333333,317786.5416152475,26.11073137388927,0.4647101367550254,1.0177193098219421,8,4,7,4,0,0,0,0,0.0,0,0,0
405,w8a11_w4a7_w6a9_w8a11,0.7668083333333333,319637.58255861787,23.376623376623378,0.5757219737936025,1.0518386511375708,8,4,6,8,0,0,0,0,0.0,0,0,0
406,w8a11_w4a7_w6a9_w7a10,0.7667958333333333,308623.31419169065,28.206880838459785,0.5062933693394946,1.0304843354348592,8,4,6,7,0,0,0,0,0.0,0,0,0
407,w8a11_w4a7_w6a9_w6a9,0.7671333333333333,309149.5279308926,27.38664843928002,0.48203685564225784,1.022978098482779,8,4,6,6,0,0,0,0,0.0,0,0,0
408,w8a11_w4a7_w6a9_w5a8,0.7670916666666666,301832.3165775401,29.277739804055592,0.48924159191360345,1.0252475997471477,8,4,6,5,0,0,0,0,0.0,0,0,0
409,w8a11_w4a7_w6a9_w4a7,0.7670333333333333,313091.3540106952,24.26520847573479,0.4799834835097276,1.0222746934000986,8,4,6,4,0,1,54886,11402,1.5,0,401,90
410,w8a11_w4a7_w5a8_w8a11,0.7662083333333334,293601.39092280273,32.946001367054,0.5505804635654948,1.043927357541479,8,4,5,8,0,0,0,0,0.0,0,0,0
411,w8a11_w4a7_w5a8_w7a10,0.7676666666666667,305897.0493349788,25.039872408293462,0.5475893838694698,1.043696625230278,8,4,5,7,0,0,0,0,0.0,0,0,0
412,w8a11_w4a7_w5a8_w6a9,0.7656416666666667,298005.83792677906,29.892914103440418,0.5427140656121682,1.041248877942717,8,4,5,6,0,0,0,0,0.0,0,0,0
413,w8a11_w4a7_w5a8_w5a8,0.7676708333333333,300582.8572055396,26.794258373205743,0.506652258110896,1.0310181801713296,8,4,5,5,0,0,0,0,0.0,0,0,0
414,w8a11_w4a7_w5a8_w4a7,0.7657541666666666,296045.98294254765,29.460013670539986,0.4295580131485306,1.005284510396664,8,4,5,4,0,0,0,0,0.0,0,0,0
415,w8a11_w4a7_w4a7_w8a11,0.7647916666666666,275147.8662827369,40.14581909318751,0.5385796093515939,1.0395751169844902,8,4,4,8,0,0,0,0,0.0,0,0,0
416,w8a11_w4a7_w4a7_w7a10,0.764625,278394.11600164545,37.024379129642284,0.5298535909090047,1.0367976512131485,8,4,4,7,0,0,0,0,0.0,0,0,0
417,w8a11_w4a7_w4a7_w6a9,0.7639833333333333,276567.9730152201,38.049669628616996,0.476249008832252,1.019587024424705,8,4,4,6,0,0,0,0,0.0,0,0,0
418,w8a11_w4a7_w4a7_w5a8,0.7664,281062.1604278075,35.90795169742538,0.49533699510786766,1.0268417270950863,8,4,4,5,0,0,0,0,0.0,0,0,0
419,w8a11_w4a7_w4a7_w4a7,0.7654916666666667,280034.44047716993,35.70289359763044,0.42286784051767734,1.0029397932314117,8,4,4,4,0,1,43814,9685,1.5,0,356,80
420,w7a10_w8a11_w8a11_w8a11,0.7679791666666667,419275.4871794872,18.614718614718615,0.5005861325725638,1.0292614597651792,7,8,8,8,0,0,0,0,0.0,0,0,0
421,w7a10_w8a11_w8a11_w7a10,0.7688916666666666,420231.48114630464,17.840054682159945,0.5093122621658591,1.0324385796716795,7,8,8,7,0,0,0,0,0.0,0,0,0
422,w7a10_w8a11_w8a11_w6a9,0.7679833333333334,402120.97737556556,22.53360674413306,0.4742089596264006,1.020896098304682,7,8,8,6,0,0,0,0,0.0,0,0,0
423,w7a10_w8a11_w8a11_w5a8,0.767725,420875.8250377074,16.905901116427433,0.4754831882160561,1.021176670983853,7,8,8,5,0,0,0,0,0.0,0,0,0
424,w7a10_w8a11_w8a11_w4a7,0.7681041666666667,406328.18099547515,20.460241512873093,0.49242495041683887,1.0267478285453469,7,8,8,4,0,0,0,0,0.0,0,0,0
425,w7a10_w8a11_w7a10_w8a11,0.7687541666666666,421395.3412861648,14.764183185235817,0.49209257642012444,1.026958553933471,7,8,7,8,0,0,0,0,0.0,0,0,0
426,w7a10_w8a11_w7a10_w7a10,0.7683791666666666,412066.2772521596,17.088174982911823,0.5154656126255438,1.034113738395099,7,8,7,7,0,0,0,0,0.0,0,0,0
427,w7a10_w8a11_w7a10_w6a9,0.7686541666666666,415674.1511037982,15.493278651173387,0.5011755347731124,1.029773024013545,7,8,7,6,0,0,0,0,0.0,0,0,0
428,w7a10_w8a11_w7a10_w5a8,0.7687,415271.9286987523,15.128730918204603,0.5076001918800349,1.0318106467963388,7,8,7,5,0,0,0,0,0.0,0,0,0
429,w7a10_w8a11_w7a10_w4a7,0.7684375,407131.7219251337,17.47550694919116,0.4867608145843974,1.025116229053598,7,8,7,4,0,1,69698,15028,1.5,0,633,80
430,w7a10_w8a11_w6a9_w8a11,0.7685833333333333,404345.86589880707,16.70084301663249,0.488610309454034,1.025773566265872,7,8,6,8,0,0,0,0,0.0,0,0,0
431,w7a10_w8a11_w6a9_w7a10,0.7686,407365.43644590705,15.128730918204603,0.4734810024231247,1.0209663283742676,7,8,6,7,0,0,0,0,0.0,0,0,0
432,w7a10_w8a11_w6a9_w6a9,0.7685041666666667,397099.3599341835,17.634996582365,0.5078364553537627,1.0317903663796617,7,8,6,6,0,0,0,0,0.0,0,0,0
433,w7a10_w8a11_w6a9_w5a8,0.7684208333333333,402279.20032908267,15.835042150831624,0.48585651780670336,1.0248211767857416,7,8,6,5,0,0,0,0,0.0,0,0,0
434,w7a10_w8a11_w6a9_w4a7,0.7680833333333333,392875.5442204854,18.02232854864434,0.46696214902042243,1.018622437422258,7,8,6,4,0,0,0,0,0.0,0,0,0
435,w7a10_w8a11_w5a8_w8a11,0.7680583333333333,383489.77265871386,20.20961494645705,0.5060342663301259,1.0310110002024644,7,8,5,8,0,0,0,0,0.0,0,0,0
436,w7a10_w8a11_w5a8_w7a10,0.768475,390199.2595639654,17.794486215538846,0.5056914165208688,1.0311042426249488,7,8,5,7,0,0,0,0,0.0,0,0,0
437,w7a10_w8a11_w5a8_w6a9,0.7680125,380079.3308652132,20.30075187969925,0.4967520607945157,1.0280698010582416,7,8,5,6,0,0,0,0,0.0,0,0,0
438,w7a10_w8a11_w5a8_w5a8,0.7685625,383791.4712738242,17.95397584871269,0.4702696762102122,1.0199198939449625,7,8,5,5,0,0,0,0,0.0,0,0,0
439,w7a10_w8a11_w5a8_w4a7,0.7682333333333333,389141.76333470445,16.518569150148096,0.476035477489611,1.0216026107371452,7,8,5,4,0,1,68496,15435,1.5,0,555,80
440,w7a10_w8a11_w4a7_w8a11,0.7676125,370644.7365967366,23.581681476418318,0.48286832923110995,1.0234769462193007,7,8,4,8,0,0,0,0,0.0,0,0,0
441,w7a10_w8a11_w4a7_w7a10,0.7674583333333334,374334.4598930481,21.07541581225792,0.5018891998407939,1.0294198175476115,7,8,4,7,0,0,0,0,0.0,0,0,0
442,w7a10_w8a11_w4a7_w6a9,0.7677041666666666,366726.327163033,23.604465709728867,0.5027099599250359,1.0297965625304277,7,8,4,6,0,0,0,0,0.0,0,0,0
443,w7a10_w8a11_w4a7_w5a8,0.7676375,379453.6042780748,18.705855547960812,0.5088232072135749,1.031682466777078,7,8,4,5,0,0,0,0,0.0,0,0,0
444,w7a10_w8a11_w4a7_w4a7,0.7681791666666666,370450.7621006444,22.26019594440647,0.4379814879742395,1.0092739676747844,7,8,4,4,0,0,0,0,0.0,0,0,0
445,w7a10_w7a10_w8a11_w8a11,0.7688583333333333,401087.72795831616,16.336295283663706,0.4836267927571674,1.0243267216782408,7,7,8,8,0,0,0,0,0.0,0,0,0
446,w7a10_w7a10_w8a11_w7a10,0.768775,401917.2664198547,15.402141717931192,0.5108731367388987,1.0328704101603947,7,7,8,7,0,0,0,0,0.0,0,0,0
447,w7a10_w7a10_w8a11_w6a9,0.7681416666666666,397101.9136157959,16.609706083390293,0.49931747373108715,1.0289407194446423,7,7,8,6,0,0,0,0,0.0,0,0,0
448,w7a10_w7a10_w8a11_w5a8,0.7685708333333333,395745.7858220212,16.495784916837547,0.46743710165287217,1.019015526959173,7,7,8,5,0,0,0,0,0.0,0,0,0
449,w7a10_w7a10_w8a11_w4a7,0.7685416666666667,401084.9022350199,14.285714285714286,0.47464889119210524,1.0213110095408118,7,7,8,4,0,1,74933,19619,1.5,0,466,100
450,w7a10_w7a10_w7a10_w8a11,0.7676375,400449.8384752503,13.374344953292322,0.5247981148127852,1.036661336852374,7,7,7,8,0,0,0,0,0.0,0,0,0
451,w7a10_w7a10_w7a10_w7a10,0.7685541666666666,402444.4875908405,12.121212121212121,0.5125033090494542,1.0332735314686852,7,7,7,7,0,0,0,0,0.0,0,0,0
452,w7a10_w7a10_w7a10_w6a9,0.7685,380647.1696146991,18.683071314650263,0.4687909419506946,1.0194150150571215,7,7,7,6,0,0,0,0,0.0,0,0,0
453,w7a10_w7a10_w7a10_w5a8,0.7687041666666666,397843.5694501577,12.554112554112555,0.4745458102853745,1.0213578948367326,7,7,7,5,0,0,0,0,0.0,0,0,0
454,w7a10_w7a10_w7a10_w4a7,0.7679416666666666,395284.5918003565,12.941444520391888,0.4794250625189252,1.02254123045081,7,7,7,4,0,0,0,0,0.0,0,0,0
455,w7a10_w7a10_w6a9_w8a11,0.7682458333333333,385818.93212669686,14.741398951925268,0.505033654725873,1.0307875069453296,7,7,6,8,0,0,0,0,0.0,0,0,0
456,w7a10_w7a10_w6a9_w7a10,0.76845,378954.0699300699,16.564137616769194,0.47672420535008253,1.021928814711048,7,7,6,7,0,0,0,0,0.0,0,0,0
457,w7a10_w7a10_w6a9_w6a9,0.7685083333333333,383381.6404771699,14.035087719298245,0.5024085691782781,1.0300900501220474,7,7,6,6,0,0,0,0,0.0,0,0,0
458,w7a10_w7a10_w6a9_w5a8,0.7691791666666666,382584.6680378445,14.19457735247209,0.4723974824170432,1.0209046417653336,7,7,6,5,0,0,0,0,0.0,0,0,0
459,w7a10_w7a10_w6a9_w4a7,0.76795,381943.7597696421,14.035087719298245,0.5020137154996097,1.0296963688549712,7,7,6,4,0,1,72509,16583,1.5,0,333,85
460,w6a9_w5a8_w8a11_w4a7,0.7661125,302261.78527355,22.237411711095923,0.4930353728340812,1.0259740842776213,6,5,8,4,0,0,0,0,0.0,0,0,0
461,w6a9_w5a8_w8a11_w5a8,0.766025,309961.01686548744,17.99954431533379,0.524451964869836,1.0357861625580773,6,5,8,5,0,0,0,0,0.0,0,0,0
462,w6a9_w5a8_w8a11_w6a9,0.7666083333333333,313788.74427533254,18.136249715197085,0.5215359708801204,1.0351575627677068,6,5,8,6,0,0,0,0,0.0,0,0,0
463,w6a9_w5a8_w8a11_w7a10,0.7668333333333334,311676.0597833539,19.115971747550695,0.5087955128848483,1.0312871939360986,6,5,8,7,0,0,0,0,0.0,0,0,0
464,w6a9_w5a8_w8a11_w8a11,0.7664708333333333,313023.09611956676,19.75393028024607,0.5105485867860805,1.031662293710534,6,5,8,8,0,0,0,0,0.0,0,0,0
465,w6a9_w6a9_w4a7_w4a7,0.766275,291782.5026737968,22.852586010480746,0.4551422376697657,1.0139120938642128,6,6,4,4,0,1,53660,12758,1.5,0,189,100
466,w6a9_w6a9_w4a7_w5a8,0.7666666666666667,301590.57068421773,18.113465481886536,0.4712817703776617,1.0193111933394603,6,6,4,5,0,0,0,0,0.0,0,0,0
467,w6a9_w6a9_w4a7_w6a9,0.7662333333333333,300887.6360345537,19.25267714741399,0.516663218605687,1.033460176039347,6,6,4,6,0,0,0,0,0.0,0,0,0
468,w6a9_w6a9_w4a7_w7a10,0.7661375,304369.1789935555,17.95397584871269,0.5416455679607511,1.0411538712105988,6,6,4,7,0,0,0,0,0.0,0,0,0
469,w6a9_w6a9_w4a7_w8a11,0.7671208333333334,308391.91465789115,16.905901116427433,0.47278795320029005,1.0200174052311002,6,6,4,8,0,0,0,0,0.0,0,0,0
470,w6a9_w6a9_w5a8_w4a7,0.7664625,312450.33604826545,15.994531784005469,0.44966933000492715,1.0122279003128123,6,6,5,4,0,0,0,0,0.0,0,0,0
471,w6a9_w6a9_w5a8_w5a8,0.7671041666666667,312480.7582064994,16.837548416495785,0.48816042302994617,1.0249107122056444,6,6,5,5,0,0,0,0,0.0,0,0,0
472,w6a9_w6a9_w5a8_w6a9,0.7667916666666666,313966.4770053476,16.609706083390293,0.4821425923315886,1.0228448240181025,6,6,5,6,0,0,0,0,0.0,0,0,0
473,w6a9_w6a9_w5a8_w7a10,0.7675125,312882.7699986288,17.7261335156072,0.5326563780308985,1.039033809169126,6,6,5,7,0,0,0,0,0.0,0,0,0
474,w6a9_w6a9_w5a8_w8a11,0.7669333333333334,310294.8576443165,18.819776714513555,0.4954499030425922,1.0271358645823125,6,6,5,8,0,0,0,0,0.0,0,0,0
475,w6a9_w6a9_w6a9_w4a7,0.7669666666666667,318957.72406417114,16.95146958304853,0.42020279716793985,1.0028056758032708,6,6,6,4,0,1,64002,15379,1.5,0,197,95
476,w6a9_w6a9_w6a9_w5a8,0.7676458333333334,331716.0200740436,12.326270221007062,0.49027609059362287,1.0258450191387423,6,6,6,5,0,0,0,0,0.0,0,0,0
477,w6a9_w6a9_w6a9_w6a9,0.7673875,327071.23389551626,14.285714285714286,0.5072009600454678,1.0310538543530636,6,6,6,6,0,0,0,0,0.0,0,0,0
478,w6a9_w6a9_w6a9_w7a10,0.7673166666666666,327308.6736322501,15.151515151515152,0.5398240205491281,1.0411497662262743,6,6,6,7,0,0,0,0,0.0,0,0,0
479,w6a9_w6a9_w6a9_w8a11,0.7674625,324828.3221719457,16.564137616769194,0.4780351824419175,1.021863143244336,6,6,6,8,0,0,0,0,0.0,0,0,0
480,w6a9_w6a9_w7a10_w4a7,0.767,330723.2232551762,15.242652084757347,0.4775391183337086,1.0214780948754227,6,6,7,4,0,0,0,0,0.0,0,0,0
481,w6a9_w6a9_w7a10_w5a8,0.7677708333333333,337382.888797477,13.830029619503303,0.5018255586207803,1.0295506919995028,6,6,7,5,0,0,0,0,0.0,0,0,0
482,w6a9_w6a9_w7a10_w6a9,0.7682041666666667,337418.2384204031,13.94395078605605,0.5020953807477377,1.0298447695281752,6,6,7,6,0,0,0,0,0.0,0,0,0
483,w6a9_w6a9_w7a10_w7a10,0.7670333333333333,340027.7622926093,13.852813852813853,0.5293011949539524,1.0377692971117114,6,6,7,7,0,0,0,0,0.0,0,0,0
484,w6a9_w6a9_w7a10_w8a11,0.7674333333333333,340542.3159742219,14.149008885850991,0.523900405296816,1.0362855431537368,6,6,7,8,0,0,0,0,0.0,0,0,0
485,w6a9_w6a9_w8a11_w4a7,0.7666291666666667,337066.76495269436,16.97425381635908,0.4698528852511364,1.0188341043583495,6,6,8,4,0,1,62395,14010,1.5,0,501,100
486,w6a9_w6a9_w8a11_w5a8,0.7673875,333567.0145070616,18.295739348370926,0.46256484070454335,1.016863495925848,6,6,8,5,0,0,0,0,0.0,0,0,0
487,w6a9_w6a9_w8a11_w6a9,0.7667458333333333,341403.20592348825,16.108452950558213,0.5086668550044781,1.0312048075111493,6,6,8,6,0,0,0,0,0.0,0,0,0
488,w6a9_w6a9_w8a11_w7a10,0.7680291666666667,346187.0993006993,15.265436318067897,0.4938395925026469,1.0271585345347705,6,6,8,7,0,0,0,0,0.0,0,0,0
489,w6a9_w6a9_w8a11_w8a11,0.7670333333333333,345961.97339914984,15.903394850763272,0.4973075459684044,1.0277708666130367,6,6,8,8,0,0,0,0,0.0,0,0,0
490,w6a9_w7a10_w4a7_w4a7,0.7665666666666666,316980.6971068147,21.71337434495329,0.4331206069623219,1.0068677465516442,6,7,4,4,0,0,0,0,0.0,0,0,0
491,w6a9_w7a10_w4a7_w5a8,0.7669333333333334,325921.1934731935,17.316017316017316,0.4703858446221907,1.0191549396946926,6,7,4,5,0,0,0,0,0.0,0,0,0
492,w6a9_w7a10_w4a7_w6a9,0.7661625,321013.4202111614,20.164046479835953,0.47279962468224546,1.0195501672401681,6,7,4,6,0,0,0,0,0.0,0,0,0
493,w6a9_w7a10_w4a7_w7a10,0.7666541666666666,327544.3644042232,17.612212349054456,0.5295389838509144,1.0376628964120238,6,7,4,7,0,0,0,0,0.0,0,0,0
494,w6a9_w7a10_w4a7_w8a11,0.7652458333333333,317697.4216371864,22.852586010480746,0.5023970027149635,1.0285120653341606,6,7,4,8,0,0,0,0,0.0,0,0,0
495,w6a9_w7a10_w5a8_w4a7,0.7672833333333333,334322.97797888384,17.04260651629073,0.4424173709925456,1.0102744359632196,6,7,5,4,0,1,64316,14145,1.5,0,320,85
496,w6a9_w7a10_w5a8_w5a8,0.7673,337733.1775675305,15.333789017999544,0.463747908065158,1.0172014785699361,6,7,5,5,0,0,0,0,0.0,0,0,0
497,w6a9_w7a10_w5a8_w6a9,0.7669958333333333,338271.93155080214,15.926179084073821,0.5059847520901143,1.0304837519145462,6,7,5,6,0,0,0,0,0.0,0,0,0
498,w6a9_w7a10_w5a8_w7a10,0.7665041666666667,337737.9198683669,16.22237411711096,0.48646487385154125,1.0240800030091957,6,7,5,7,0,0,0,0,0.0,0,0,0
499,w6a9_w7a10_w5a8_w8a11,0.7665833333333333,338105.6315919375,17.270448849396217,0.5223542734800868,1.0354001363615444,6,7,5,8,0,0,0,0,0.0,0,0,0
500,w6a9_w7a10_w6a9_w4a7,0.7670708333333334,347130.2344714109,15.242652084757347,0.46439439543132643,1.0172964605337869,6,7,6,4,0,0,0,0,0.0,0,0,0
501,w6a9_w7a10_w6a9_w5a8,0.7670041666666667,350621.235705471,14.126224652540442,0.5058510583018938,1.0304457962762053,6,7,6,5,0,0,0,0,0.0,0,0,0
502,w6a9_w7a10_w6a9_w6a9,0.767175,338940.88819415873,19.093187514240146,0.4933450929019515,1.0265876877133573,6,7,6,6,0,0,0,0,0.0,0,0,0
503,w6a9_w7a10_w6a9_w7a10,0.7675,353932.921102427,13.966735019366599,0.5071343678653121,1.0310871162068824,6,7,6,7,0,0,0,0,0.0,0,0,0
504,w6a9_w7a10_w6a9_w8a11,0.7673875,354555.9720279721,14.354066985645932,0.5047550816779651,1.0302863617121845,6,7,6,8,0,0,0,0,0.0,0,0,0
505,w6a9_w7a10_w7a10_w4a7,0.7670541666666667,359835.6280268751,14.080656185919343,0.4780823281342795,1.0216781368098977,6,7,7,4,0,1,66646,15468,1.5,0,635,100
506,w6a9_w7a10_w7a10_w5a8,0.767025,356866.7379679144,15.812257917521075,0.4762318860409503,1.0210725731026793,6,7,7,5,0,0,0,0,0.0,0,0,0
507,w6a9_w7a10_w7a10_w6a9,0.7677916666666667,366556.59860139864,12.87309182046024,0.510764961256279,1.0323642565252762,6,7,7,6,0,0,0,0,0.0,0,0,0
508,w6a9_w7a10_w7a10_w7a10,0.7670125,358624.9468805704,16.22237411711096,0.484801561406878,1.0237990253736835,6,7,7,7,0,0,0,0,0.0,0,0,0
509,w6a9_w7a10_w7a10_w8a11,0.7670625,363704.57150692446,14.946457051720209,0.5095562562304055,1.0316356752665223,6,7,7,8,0,0,0,0,0.0,0,0,0
510,w6a9_w7a10_w8a11_w4a7,0.7667583333333333,362132.6400658165,16.860332649806335,0.4737108931893681,1.020134941433711,6,7,8,4,0,0,0,0,0.0,0,0,0
511,w6a9_w7a10_w8a11_w5a8,0.7674333333333333,368599.62550390785,14.946457051720209,0.48847432493907234,1.025170543441173,6,7,8,5,0,0,0,0,0.0,0,0,0
512,w6a9_w7a10_w8a11_w6a9,0.7672791666666666,354614.39605100785,20.095693779904305,0.5140868870640557,1.033156561042927,6,7,8,6,0,0,0,0,0.0,0,0,0
513,w6a9_w7a10_w8a11_w7a10,0.7670583333333333,368449.4172494173,16.336295283663706,0.4787167628023464,1.0218827361581064,6,7,8,7,0,0,0,0,0.0,0,0,0
514,w6a9_w7a10_w8a11_w8a11,0.7673541666666667,364777.6469491293,17.95397584871269,0.5017098592398349,1.029313104824655,6,7,8,8,0,0,0,0,0.0,0,0,0
515,w6a9_w8a11_w4a7_w4a7,0.7669458333333333,337290.5095845331,20.80200501253133,0.4589292669280133,1.0154711356567028,6,8,4,4,0,1,55764,11679,1.5,0,631,85
516,w6a9_w8a11_w4a7_w5a8,0.7669958333333333,335188.7708213355,22.146274777853726,0.4779605114551443,1.0216106553067017,6,8,4,5,0,0,0,0,0.0,0,0,0
517,w6a9_w8a11_w4a7_w6a9,0.7662875,336221.82103386807,22.100706311232628,0.5164483709525624,1.0334190285900702,6,8,4,6,0,0,0,0,0.0,0,0,0
518,w6a9_w8a11_w4a7_w7a10,0.7667083333333333,336191.9148772796,21.371610845295056,0.5265408695076208,1.0367596810192699,6,8,4,7,0,0,0,0,0.0,0,0,0
519,w6a9_w8a11_w4a7_w8a11,0.7659958333333333,341968.59103249694,20.323536113009798,0.4924246596987997,1.0257240258724987,6,8,4,8,0,0,0,0,0.0,0,0,0
520,w6a9_w8a11_w5a8_w4a7,0.7666083333333333,347453.6595639654,19.685577580314423,0.45816564214825145,1.015056814144284,6,8,5,4,0,0,0,0,0.0,0,0,0
521,w6a9_w8a11_w5a8_w5a8,0.7664125,345797.77430412726,20.824789245841878,0.482996767366744,1.0229317445974437,6,8,5,5,0,0,0,0,0.0,0,0,0
522,w6a9_w8a11_w5a8_w6a9,0.7666916666666667,351545.98787878786,18.796992481203006,0.5171031993772138,1.033816647535084,6,8,5,6,0,0,0,0,0.0,0,0,0
523,w6a9_w8a11_w5a8_w7a10,0.7667875,349554.5918552036,20.346320346320347,0.5122762026352926,1.0323549574679087,6,8,5,7,0,0,0,0,0.0,0,0,0
524,w6a9_w8a11_w5a8_w8a11,0.7674041666666667,362871.0138488962,16.19958988380041,0.4910388571605446,1.0259691051630992,6,8,5,8,0,0,0,0,0.0,0,0,0
525,w6a9_w8a11_w6a9_w4a7,0.7674041666666667,368347.10061703,16.24515835042151,0.42930845617256125,1.0060360300990625,6,8,6,4,0,1,60544,12548,1.5,0,722,85
526,w6a9_w8a11_w6a9_w5a8,0.7666958333333334,367929.4473056355,16.15402141717931,0.4785882021087993,1.0216641752352305,6,8,6,5,0,0,0,0,0.0,0,0,0
527,w6a9_w8a11_w6a9_w6a9,0.7665791666666667,357894.8765117236,20.30075187969925,0.48477793166237604,1.0235801241949065,6,8,6,6,0,0,0,0,0.0,0,0,0
528,w6a9_w8a11_w6a9_w7a10,0.7662666666666667,366289.0517482517,17.885623148781043,0.49558797914510233,1.0268564677496181,6,8,6,7,0,0,0,0,0.0,0,0,0
529,w6a9_w8a11_w6a9_w8a11,0.7671875,362746.3871657754,19.43495101389838,0.4821206445906699,1.023031257215817,6,8,6,8,0,0,0,0,0.0,0,0,0
530,w6a9_w8a11_w7a10_w4a7,0.7667166666666667,363101.2672974085,21.143768512189563,0.4880921898900593,1.024700411936036,6,8,7,4,0,0,0,0,0.0,0,0,0
531,w6a9_w8a11_w7a10_w5a8,0.7672958333333333,373286.71942959,18.341307814992025,0.48150735541358086,1.0228888536462664,6,8,7,5,0,0,0,0,0.0,0,0,0
532,w6a9_w8a11_w7a10_w6a9,0.7665625,377022.84513917466,17.45272271588061,0.470007014309217,1.0188507756120029,6,8,7,6,0,0,0,0,0.0,0,0,0
533,w6a9_w8a11_w7a10_w7a10,0.76735,367162.41436994384,21.05263157894737,0.47349915607277027,1.0203578068589556,6,8,7,7,0,0,0,0,0.0,0,0,0
534,w6a9_w8a11_w7a10_w8a11,0.7666791666666667,376366.087371452,18.796992481203006,0.5244672583180746,1.0361023372141849,6,8,7,8,0,0,0,0,0.0,0,0,0
535,w6a9_w8a11_w8a11_w4a7,0.76615,372265.04494720965,21.417179311916154,0.4555716401529053,1.0139892103252577,6,8,8,4,0,1,54115,13279,1.5,0,1081,90
536,w6a9_w8a11_w8a11_w5a8,0.7667833333333334,373712.7577677225,21.55388471177945,0.5081723925754575,1.0310678192416673,6,8,8,5,0,0,0,0,0.0,0,0,0
537,w6a9_w8a11_w8a11_w6a9,0.7667541666666666,387429.7435897436,17.908407382091593,0.48138154164332175,1.0225839566147967,6,8,8,6,0,0,0,0,0.0,0,0,0
538,w6a9_w8a11_w8a11_w7a10,0.7662583333333334,368844.7034690799,23.83230804283436,0.4780787082900594,1.0212871555318679,6,8,8,7,0,0,0,0,0.0,0,0,0
539,w6a9_w8a11_w8a11_w8a11,0.7671375,368079.1167420815,24.515835042150833,0.46904297418438456,1.018824391460255,6,8,8,8,0,0,0,0,0.0,0,0,0
540,w7a10_w4a7_w4a7_w4a7,0.7652625,263010.2158233923,31.032125768967873,0.4489669713837306,1.0114007507012082,7,4,4,4,0,0,0,0,0.0,0,0,0
541,w7a10_w4a7_w4a7_w5a8,0.7662166666666667,269869.7161661867,28.525860104807474,0.46206534535565646,1.0161230907353467,7,4,4,5,0,0,0,0,0.0,0,0,0
542,w7a10_w4a7_w4a7_w6a9,0.7647,257253.31358837243,35.04215083162452,0.551956642884538,1.0436419200581541,7,4,4,6,0,0,0,0,0.0,0,0,0
543,w7a10_w4a7_w4a7_w7a10,0.7657125,258338.01398601395,36.15857826384142,0.519613741013236,1.0341315729314005,7,4,4,7,0,0,0,0,0.0,0,0,0
544,w7a10_w4a7_w4a7_w8a11,0.764625,261011.37638831756,34.609250398724086,0.529330710746191,1.0366354848295425,7,4,4,8,0,0,0,0,0.0,0,0,0
545,w7a10_w4a7_w5a8_w4a7,0.7662708333333333,268805.2389962978,31.032125768967873,0.4645038401406798,1.0169364796647815,7,4,5,4,0,1,47906,10171,1.5,0,223,75
546,w7a10_w4a7_w5a8_w5a8,0.7656583333333333,271192.02303578774,30.804283435862384,0.49346359863013295,1.0258893829856717,7,4,5,5,0,0,0,0,0.0,0,0,0
547,w7a10_w4a7_w5a8_w6a9,0.7659916666666666,275046.8142054024,29.528366370471634,0.5424531513099683,1.0413334672585923,7,4,5,6,0,0,0,0,0.0,0,0,0
548,w7a10_w4a7_w5a8_w7a10,0.7647916666666666,275623.9462498286,28.639781271360217,0.663884740788414,1.076869947943869,7,4,5,7,0,0,0,0,0.0,0,0,0
549,w7a10_w4a7_w5a8_w8a11,0.7666541666666666,284390.28328534204,24.515835042150833,0.5886427645857273,1.0556464897536888,7,4,5,8,0,0,0,0,0.0,0,0,0
550,w7a10_w4a7_w6a9_w4a7,0.764475,292522.20156314276,21.189336978810662,0.5579307183646848,1.045362082044225,7,4,6,4,0,0,0,0,0.0,0,0,0
551,w7a10_w4a7_w6a9_w5a8,0.7659208333333334,275404.88687782804,31.852358168147642,0.5028165233908772,1.028969732470648,7,4,6,5,0,0,0,0,0.0,0,0,0
552,w7a10_w4a7_w6a9_w6a9,0.7662916666666667,278508.70259152615,30.940988835725676,0.5384228193607193,1.0402347034896133,7,4,6,6,0,0,0,0,0.0,0,0,0
553,w7a10_w4a7_w6a9_w7a10,0.765775,283198.52570958453,28.86762360446571,0.5563545609850424,1.0454880961571613,7,4,6,7,0,0,0,0,0.0,0,0,0
554,w7a10_w4a7_w6a9_w8a11,0.7655291666666667,289366.0617030029,25.677830940988837,0.6241177843909717,1.0656470575191144,7,4,6,8,0,0,0,0,0.0,0,0,0
555,w7a10_w4a7_w7a10_w4a7,0.7652,280778.1576854518,32.55866940077466,0.5033361968193673,1.028785836980078,7,4,7,4,0,1,47715,9504,1.5,0,369,80
556,w7a10_w4a7_w7a10_w5a8,0.7672875,299273.25380501855,22.715880610617454,0.5012434624358648,1.0291341484184664,7,4,7,5,0,0,0,0,0.0,0,0,0
557,w7a10_w4a7_w7a10_w6a9,0.7663666666666666,293463.6369121075,26.429710640236955,0.48852563173821517,1.0246676692248848,7,4,7,6,0,0,0,0,0.0,0,0,0
558,w7a10_w4a7_w7a10_w7a10,0.765675,296589.05361305363,25.83732057416268,0.5332841778668015,1.0383573623513667,7,4,7,7,0,0,0,0,0.0,0,0,0
559,w7a10_w4a7_w7a10_w8a11,0.7663125,294080.32469491294,29.16381863750285,0.500989714871614,1.028583392853058,7,4,7,8,0,0,0,0,0.0,0,0,0
560,w7a10_w4a7_w8a11_w4a7,0.7642625,283889.2570958453,34.267486899065844,0.4639426328366361,1.0157634744474817,7,4,8,4,0,0,0,0,0.0,0,0,0
561,w7a10_w4a7_w8a11_w5a8,0.7649958333333333,293641.2055395585,30.029619503303714,0.5138321889462419,1.0319831130818735,7,4,8,5,0,0,0,0,0.0,0,0,0
562,w7a10_w4a7_w8a11_w6a9,0.766075,301525.7721102427,26.930963773069035,0.4909084501790595,1.0252818913927997,7,4,8,6,0,0,0,0,0.0,0,0,0
563,w7a10_w4a7_w8a11_w7a10,0.7665333333333333,298405.55930344167,29.64228753702438,0.5108466329209753,1.031785630423157,7,4,8,7,0,0,0,0,0.0,0,0,0
564,w7a10_w4a7_w8a11_w8a11,0.7640333333333333,300218.56794186204,28.503075871496925,0.5988692831757748,1.0575021932662179,7,4,8,8,0,0,0,0,0.0,0,0,0
565,w7a10_w5a8_w4a7_w4a7,0.7672291666666666,300322.08419031947,22.146274777853726,0.4372566458603761,1.0085589487474866,7,5,4,4,0,1,57109,9246,1.5,0,248,70
566,w7a10_w5a8_w4a7_w5a8,0.7668083333333333,298606.7736185383,23.78673957621326,0.46374052191384796,1.0169560480966626,7,5,4,5,0,0,0,0,0.0,0,0,0
567,w7a10_w5a8_w4a7_w6a9,0.7664375,291631.1860688331,27.36386420596947,0.5205396302631619,1.0347660082854935,7,5,4,6,0,0,0,0,0.0,0,0,0
568,w7a10_w5a8_w4a7_w7a10,0.7670166666666667,297321.0651309475,25.404420141262246,0.5500859778625757,1.0441551422648654,7,5,4,7,0,0,0,0,0.0,0,0,0
569,w7a10_w5a8_w4a7_w8a11,0.7664041666666667,306569.6004387769,21.55388471177945,0.492950880796285,1.0260888615219954,7,5,4,8,0,0,0,0,0.0,0,0,0
570,w7a10_w5a8_w5a8_w4a7,0.7668458333333333,295259.69121075,26.771474139895194,0.43470383504355975,1.0075286331557851,7,5,5,4,0,0,0,0,0.0,0,0,0
571,w7a10_w5a8_w5a8_w5a8,0.7682333333333333,318617.721102427,16.359079516974255,0.4794010600732209,1.02267639889355,7,5,5,5,0,0,0,0,0.0,0,0,0
572,w7a10_w5a8_w5a8_w6a9,0.7677291666666667,312723.61771561776,19.845067213488267,0.5078007834374605,1.0314062724154331,7,5,5,6,0,0,0,0,0.0,0,0,0
573,w7a10_w5a8_w5a8_w7a10,0.7678208333333333,317056.19306184014,18.250170881749828,0.5068497247608607,1.0311523085378003,7,5,5,7,0,0,0,0,0.0,0,0,0
574,w7a10_w5a8_w5a8_w8a11,0.767425,315782.34032634035,19.617224880382775,0.4992920008113865,1.0285860926064518,7,5,5,8,0,0,0,0,0.0,0,0,0
575,w7a10_w5a8_w6a9_w4a7,0.7675875,326602.4253393665,16.24515835042151,0.4893718164715722,1.0255301280329847,7,5,6,4,0,1,61571,11328,1.5,0,291,80
576,w7a10_w5a8_w6a9_w5a8,0.7668208333333333,312907.04401480866,22.146274777853726,0.47514165220466553,1.0206236870755636,7,5,6,5,0,0,0,0,0.0,0,0,0
577,w7a10_w5a8_w6a9_w6a9,0.7674708333333333,326820.80460715754,16.860332649806335,0.5182402947948312,1.0345435920278778,7,5,6,6,0,0,0,0,0.0,0,0,0
578,w7a10_w5a8_w6a9_w7a10,0.7672666666666667,323963.57712875353,19.22989291410344,0.5121406825796948,1.0325424419920928,7,5,6,7,0,0,0,0,0.0,0,0,0
579,w7a10_w5a8_w6a9_w8a11,0.7672458333333333,327404.1234060058,17.817270448849396,0.5276071958634674,1.037345723111131,7,5,6,8,0,0,0,0,0.0,0,0,0
580,w7a10_w5a8_w7a10_w4a7,0.7674666666666666,329535.2847936377,18.660287081339714,0.5017307423219713,1.0293739956949257,7,5,7,4,0,0,0,0,0.0,0,0,0
581,w7a10_w5a8_w7a10_w5a8,0.7678708333333333,329439.23214040865,19.366598313966733,0.4686221876432872,1.0190507008862755,7,5,7,5,0,0,0,0,0.0,0,0,0
582,w7a10_w5a8_w7a10_w6a9,0.7678,326288.9236253942,21.07541581225792,0.48205131611071206,1.0233085427849846,7,5,7,6,0,0,0,0,0.0,0,0,0
583,w7a10_w5a8_w7a10_w7a10,0.7675208333333333,336194.46592623065,17.748917748917748,0.5018755445356227,1.0294456985904936,7,5,7,7,0,0,0,0,0.0,0,0,0
584,w7a10_w5a8_w7a10_w8a11,0.7670541666666667,343396.9143013849,14.90088858509911,0.5679992709569772,1.04962083529847,7,5,7,8,0,0,0,0,0.0,0,0,0
585,w7a10_w5a8_w8a11_w4a7,0.7671916666666667,339258.7610037022,18.318523581681475,0.4702967701084125,1.01925353032269,7,5,8,4,0,1,59613,11014,1.5,0,505,80
586,w7a10_w5a8_w8a11_w5a8,0.7666625,332328.2841080488,21.23490544543176,0.48273799062755257,1.0229714007044972,7,5,8,5,0,0,0,0,0.0,0,0,0
587,w7a10_w5a8_w8a11_w6a9,0.7673041666666667,341780.3504730563,18.181818181818183,0.5073154297715639,1.0310496460146295,7,5,8,6,0,0,0,0,0.0,0,0,0
588,w7a10_w5a8_w8a11_w7a10,0.76795,343238.3622651858,18.136249715197085,0.4950167964108653,1.0274919336921762,7,5,8,7,0,0,0,0,0.0,0,0,0
589,w7a10_w5a8_w8a11_w8a11,0.7677208333333333,338417.8187302893,21.348826611984506,0.5173253679652586,1.0343781482064407,7,5,8,8,0,0,0,0,0.0,0,0,0
590,w7a10_w6a9_w4a7_w4a7,0.7672041666666667,321434.18620595086,22.146274777853726,0.42310332443556786,1.0038867263816602,7,6,4,4,0,0,0,0,0.0,0,0,0
591,w7a10_w6a9_w4a7_w5a8,0.767575,332535.00507335796,18.318523581681475,0.4702090657642699,1.019414134397199,7,6,4,5,0,0,0,0,0.0,0,0,0
592,w7a10_w6a9_w4a7_w6a9,0.7675375,324832.1711229947,22.51082251082251,0.46576826244333364,1.0179691992891324,7,6,4,6,0,0,0,0,0.0,0,0,0
593,w7a10_w6a9_w4a7_w7a10,0.7677083333333333,329747.72302207595,20.164046479835953,0.5341367388512459,1.0395834204119505,7,6,4,7,0,0,0,0,0.0,0,0,0
594,w7a10_w6a9_w4a7_w8a11,0.7676333333333333,331811.27766351297,19.685577580314423,0.48244019519944803,1.0233508693271767,7,6,4,8,0,0,0,0,0.0,0,0,0
595,w7a10_w6a9_w5a8_w4a7,0.76785,333982.65295488824,19.548872180451127,0.4920135857596022,1.0264942578760003,7,6,5,4,0,1,61244,10221,1.5,0,227,65
596,w7a10_w6a9_w5a8_w5a8,0.7684458333333334,343803.4849856026,16.336295283663706,0.490076017976434,1.0261707872630703,7,6,5,5,0,0,0,0,0.0,0,0,0
597,w7a10_w6a9_w5a8_w6a9,0.7682666666666667,351163.89304812835,13.305992253360674,0.4831627224704186,1.0238901788496748,7,6,5,6,0,0,0,0,0.0,0,0,0
598,w7a10_w6a9_w5a8_w7a10,0.7677083333333333,334659.70327711507,20.483025746183642,0.5155383985574142,1.033815141921931,7,6,5,7,0,0,0,0,0.0,0,0,0
599,w7a10_w6a9_w5a8_w8a11,0.7682458333333333,344874.82023858494,17.384370015948964,0.4809998833215589,1.0231918289935436,7,6,5,8,0,0,0,0,0.0,0,0,0
600,w7a10_w6a9_w6a9_w4a7,0.7680583333333333,357690.05018510896,13.784461152882205,0.460677763738767,1.016587134783901,7,6,6,4,0,0,0,0,0.0,0,0,0
601,w7a10_w6a9_w6a9_w5a8,0.7682208333333334,360917.9958864664,12.759170653907496,0.4749889231889038,1.021262109320396,7,6,6,5,0,0,0,0,0.0,0,0,0
602,w7a10_w6a9_w6a9_w6a9,0.768575,358871.3517071164,14.285714285714286,0.5093076297560855,1.0322848577860768,7,6,6,6,0,0,0,0,0.0,0,0,0
603,w7a10_w6a9_w6a9_w7a10,0.7681291666666666,361816.6680378445,13.511050353155616,0.4928681139488554,1.0269000744487413,7,6,6,7,0,0,0,0,0.0,0,0,0
604,w7a10_w6a9_w6a9_w8a11,0.7673,357184.18428630196,16.22237411711096,0.5041354573466399,1.0300495616163587,7,6,6,8,0,0,0,0,0.0,0,0,0
605,w7a10_w6a9_w7a10_w4a7,0.7685625,359556.0104209516,15.994531784005469,0.4681908096436724,1.0192533065358793,7,6,7,4,0,1,69327,12374,1.5,0,298,80
606,w7a10_w6a9_w7a10_w5a8,0.767675,363594.4999314411,15.242652084757347,0.5205957407012003,1.0353741313772142,7,6,7,5,0,0,0,0,0.0,0,0,0
607,w7a10_w6a9_w7a10_w6a9,0.7679375,369333.2719045661,13.738892686261106,0.517103938613816,1.034412820892833,7,6,7,6,0,0,0,0,0.0,0,0,0
608,w7a10_w6a9_w7a10_w7a10,0.76785,353353.3064582477,19.98177261335156,0.5086658834726161,1.0317353803601994,7,6,7,7,0,0,0,0,0.0,0,0,0
609,w7a10_w6a9_w7a10_w8a11,0.76855,369790.9995886467,14.65026201868307,0.4905087927147113,1.026358427391209,7,6,7,8,0,0,0,0,0.0,0,0,0
610,w7a10_w6a9_w8a11_w4a7,0.7682333333333333,369052.2572329631,16.17680565048986,0.4865057158076475,1.0249357628597726,7,6,8,4,0,0,0,0,0.0,0,0,0
611,w7a10_w6a9_w8a11_w5a8,0.768275,371605.61415055534,15.652768284347232,0.482632772377948,1.023725721015998,7,6,8,5,0,0,0,0,0.0,0,0,0
612,w7a10_w6a9_w8a11_w6a9,0.7678708333333333,367540.91649526946,17.7261335156072,0.483280460118088,1.023734254161081,7,6,8,6,0,0,0,0,0.0,0,0,0
613,w7a10_w6a9_w8a11_w7a10,0.7685833333333333,379225.9141642671,14.354066985645932,0.5323424337274995,1.039444591877675,7,6,8,7,0,0,0,0,0.0,0,0,0
614,w7a10_w6a9_w8a11_w8a11,0.7681625,372010.12258329906,16.837548416495785,0.516909178970005,1.0344598160981051,7,6,8,8,0,0,0,0,0.0,0,0,0
615,w7a10_w7a10_w4a7_w4a7,0.7677416666666667,348937.2845194022,21.895648211437685,0.4465818619409639,1.0118617846323454,7,7,4,4,0,1,62795,15652,1.5,0,277,90
616,w7a10_w7a10_w4a7_w5a8,0.7678166666666667,355681.47867818456,18.409660514923672,0.500770901517965,1.029241070728518,7,7,4,5,0,0,0,0,0.0,0,0,0
617,w7a10_w7a10_w4a7_w6a9,0.7678125,357065.4600301659,18.77420824789246,0.4945617042925513,1.027281529577679,7,7,4,6,0,0,0,0,0.0,0,0,0
618,w7a10_w7a10_w4a7_w7a10,0.7673791666666666,352112.73056355404,21.485532011847802,0.5018132677668034,1.029357708462024,7,7,4,7,0,0,0,0,0.0,0,0,0
619,w7a10_w7a10_w4a7_w8a11,0.7676166666666666,362029.47483888664,16.97425381635908,0.5035712960061514,1.0300250230985515,7,7,4,8,0,0,0,0,0.0,0,0,0
620,w7a10_w7a10_w5a8_w4a7,0.7685041666666667,368901.38379267795,15.629984051036683,0.4435069091302494,1.0112416723513178,7,7,5,4,0,0,0,0,0.0,0,0,0
621,w7a10_w7a10_w5a8_w5a8,0.7678833333333334,370764.0575894693,15.493278651173387,0.520205747571238,1.0353523382659764,7,7,5,5,0,0,0,0,0.0,0,0,0
622,w7a10_w7a10_w5a8_w6a9,0.7690333333333333,375516.8057040998,13.533834586466165,0.49622339097136764,1.0283978165889456,7,7,5,6,0,0,0,0,0.0,0,0,0
623,w7a10_w7a10_w5a8_w7a10,0.7682375,372020.6795557384,15.44771018455229,0.5137141550174867,1.0334995837081382,7,7,5,7,0,0,0,0,0.0,0,0,0
624,w7a10_w7a10_w5a8_w8a11,0.7682791666666666,376041.1879884821,14.604693552061972,0.4903415645037892,1.026173770938142,7,7,5,8,0,0,0,0,0.0,0,0,0
